,premise,hypothesis,gold_label_log,gold_label_prag,spec_relation,item_type,trigger,lexemes,prompt,entailment_prob,neutral_prob,contradiction_prob,prediction,entailment_prob_chat,neutral_prob_chat,contradiction_prob_chat,prediction_chat
0,Regina exited all cafes.,Regina exited no cafes.,2,2,opposite,control,quantifier,some - all,Regina exited all cafes. Regina exited no cafes.,tensor(-9.6436),tensor(-8.8143),tensor(-8.7558),2,tensor(-8.4251),tensor(-8.4011),tensor(-7.0331),2
1,All students had complained.,Not all students had complained.,2,2,negation,control,quantifier,some - all,All students had complained. Not all students had complained.,tensor(-10.6129),tensor(-9.4111),tensor(-9.4068),2,tensor(-9.7869),tensor(-8.7979),tensor(-8.0272),2
2,Some actresses could chuckle.,No actresses could chuckle.,2,2,negation,control,quantifier,some - all,Some actresses could chuckle. No actresses could chuckle.,tensor(-11.6424),tensor(-10.0465),tensor(-10.3382),1,tensor(-11.2533),tensor(-9.4489),tensor(-9.3689),2
3,Not all drivers would research the governments.,All drivers would research the governments.,2,2,negation,control,quantifier,some - all,Not all drivers would research the governments. All drivers would research the governments.,tensor(-10.4442),tensor(-9.0641),tensor(-10.0525),1,tensor(-9.6693),tensor(-7.8362),tensor(-8.5238),1
4,Not all gloves should loosen.,No gloves should loosen.,1,2,negated implicature_N,target,quantifier,some - all,Not all gloves should loosen. No gloves should loosen.,tensor(-11.9360),tensor(-10.6545),tensor(-10.9312),1,tensor(-10.9032),tensor(-9.2339),tensor(-10.1117),1
5,Not all women are needing the library to conspire.,All women are needing the library to conspire.,2,2,negation,control,quantifier,some - all,Not all women are needing the library to conspire. All women are needing the library to conspire.,tensor(-11.1535),tensor(-9.7903),tensor(-9.7777),2,tensor(-11.3319),tensor(-9.7175),tensor(-9.7923),1
6,No guys have considered Cheryl to blink.,Not all guys have considered Cheryl to blink.,0,2,reverse negated implicature_N,target,quantifier,some - all,No guys have considered Cheryl to blink. Not all guys have considered Cheryl to blink.,tensor(-10.5019),tensor(-9.1259),tensor(-9.3994),1,tensor(-9.8633),tensor(-8.7964),tensor(-9.7627),1
7,A lot of guys hadn't hired all teachers.,A lot of guys had hired some teachers.,1,0,implicature_NtoP,target,quantifier,some - all,A lot of guys hadn't hired all teachers. A lot of guys had hired some teachers.,tensor(-11.8887),tensor(-9.7920),tensor(-10.5698),1,tensor(-11.3139),tensor(-9.5787),tensor(-10.0850),1
8,All legislatures were begging Rachel to yell.,Some legislatures were begging Rachel to yell.,0,2,reverse negated implicature_P,target,quantifier,some - all,All legislatures were begging Rachel to yell. Some legislatures were begging Rachel to yell.,tensor(-10.8000),tensor(-9.1892),tensor(-9.6366),1,tensor(-10.8911),tensor(-8.7384),tensor(-10.0363),1
9,Not all guests would wake up.,Some guests would wake up.,1,0,implicature_NtoP,target,quantifier,some - all,Not all guests would wake up. Some guests would wake up.,tensor(-11.0742),tensor(-9.4543),tensor(-9.8072),1,tensor(-10.5625),tensor(-9.1717),tensor(-8.8823),2
10,Some waiters remembered no students.,Some waiters remembered all students.,2,2,opposite,control,quantifier,some - all,Some waiters remembered no students. Some waiters remembered all students.,tensor(-10.8222),tensor(-9.4512),tensor(-10.0279),1,tensor(-10.4074),tensor(-9.2776),tensor(-8.9539),2
11,Some actors will predict many blouses to soak.,No actors will predict many blouses to soak.,2,2,negation,control,quantifier,some - all,Some actors will predict many blouses to soak. No actors will predict many blouses to soak.,tensor(-9.5394),tensor(-8.0876),tensor(-8.7937),1,tensor(-9.6696),tensor(-8.0589),tensor(-9.1719),1
12,All waiters performed.,Some waiters performed.,0,2,reverse negated implicature_P,target,quantifier,some - all,All waiters performed. Some waiters performed.,tensor(-10.7735),tensor(-8.8627),tensor(-9.3484),1,tensor(-10.0257),tensor(-8.1164),tensor(-8.8906),1
13,All actresses could chuckle.,Not all actresses could chuckle.,2,2,negation,control,quantifier,some - all,All actresses could chuckle. Not all actresses could chuckle.,tensor(-11.1721),tensor(-10.1670),tensor(-10.3101),1,tensor(-10.1700),tensor(-9.7828),tensor(-9.1456),2
14,No doctors hid.,Some doctors hid.,2,2,negation,control,quantifier,some - all,No doctors hid. Some doctors hid.,tensor(-11.4772),tensor(-9.5548),tensor(-10.2105),1,tensor(-11.6281),tensor(-9.3951),tensor(-10.0745),1
15,Andrew could approach all waitresses.,Andrew couldn't approach all waitresses.,2,2,negation,control,quantifier,some - all,Andrew could approach all waitresses. Andrew couldn't approach all waitresses.,tensor(-9.6467),tensor(-9.3845),tensor(-9.2342),2,tensor(-9.9231),tensor(-9.5998),tensor(-9.6666),1
16,This spotlight was distracting no banks.,This spotlight was distracting some banks.,2,2,negation,control,quantifier,some - all,This spotlight was distracting no banks. This spotlight was distracting some banks.,tensor(-11.0509),tensor(-8.8721),tensor(-10.1721),1,tensor(-10.5289),tensor(-8.0966),tensor(-9.3218),1
17,No rabbits will leave.,Some rabbits will leave.,2,2,negation,control,quantifier,some - all,No rabbits will leave. Some rabbits will leave.,tensor(-10.6942),tensor(-9.2402),tensor(-9.8489),1,tensor(-10.3846),tensor(-8.4362),tensor(-8.5252),1
18,Andrew could approach some waitresses.,Andrew could approach all waitresses.,1,2,negated implicature_P,target,quantifier,some - all,Andrew could approach some waitresses. Andrew could approach all waitresses.,tensor(-11.1284),tensor(-10.0219),tensor(-10.5564),1,tensor(-10.7231),tensor(-9.4425),tensor(-10.1851),1
19,Regina exited some cafes.,Regina didn't exit all cafes.,1,0,implicature_PtoN,target,quantifier,some - all,Regina exited some cafes. Regina didn't exit all cafes.,tensor(-9.3920),tensor(-9.5640),tensor(-9.3730),2,tensor(-8.4773),tensor(-9.0049),tensor(-7.7748),2
20,All coats would loosen.,Not all coats would loosen.,2,2,negation,control,quantifier,some - all,All coats would loosen. Not all coats would loosen.,tensor(-10.1922),tensor(-8.8908),tensor(-9.2492),1,tensor(-9.5384),tensor(-8.1218),tensor(-8.7408),1
21,Stephanie might escape from some guests.,Stephanie might escape from all guests.,1,2,negated implicature_P,target,quantifier,some - all,Stephanie might escape from some guests. Stephanie might escape from all guests.,tensor(-10.2785),tensor(-8.9721),tensor(-9.5388),1,tensor(-10.1633),tensor(-8.6506),tensor(-9.5033),1
22,No actresses could chuckle.,Not all actresses could chuckle.,0,2,reverse negated implicature_N,target,quantifier,some - all,No actresses could chuckle. Not all actresses could chuckle.,tensor(-11.6243),tensor(-10.2260),tensor(-10.2329),1,tensor(-10.6110),tensor(-9.7933),tensor(-9.4779),2
23,Most actors wear all glasses.,Most actors wear some glasses.,0,2,reverse negated implicature_P,target,quantifier,some - all,Most actors wear all glasses. Most actors wear some glasses.,tensor(-11.3959),tensor(-9.7307),tensor(-10.2593),1,tensor(-9.9812),tensor(-9.1365),tensor(-9.2838),1
24,Some girls are saluting.,No girls are saluting.,2,2,negation,control,quantifier,some - all,Some girls are saluting. No girls are saluting.,tensor(-11.1207),tensor(-9.2562),tensor(-9.4629),1,tensor(-11.0771),tensor(-9.3170),tensor(-9.3172),1
25,No jackets had shrunk.,All jackets had shrunk.,2,2,opposite,control,quantifier,some - all,No jackets had shrunk. All jackets had shrunk.,tensor(-11.1354),tensor(-9.3287),tensor(-9.5676),1,tensor(-11.1472),tensor(-9.1857),tensor(-9.4696),1
26,Sheila hasn't returned to all grocery stores.,Sheila has returned to no grocery stores.,1,2,negated implicature_N,target,quantifier,some - all,Sheila hasn't returned to all grocery stores. Sheila has returned to no grocery stores.,tensor(-10.0634),tensor(-8.6221),tensor(-8.6249),1,tensor(-9.5305),tensor(-8.6056),tensor(-7.5237),2
27,This dancer would hire all customers.,This dancer wouldn't hire all customers.,2,2,negation,control,quantifier,some - all,This dancer would hire all customers. This dancer wouldn't hire all customers.,tensor(-10.0929),tensor(-8.7324),tensor(-9.1296),1,tensor(-9.7291),tensor(-7.8460),tensor(-8.5440),1
28,No senators are trying to stun Larry.,All senators are trying to stun Larry.,2,2,opposite,control,quantifier,some - all,No senators are trying to stun Larry. All senators are trying to stun Larry.,tensor(-11.6499),tensor(-9.4908),tensor(-10.1995),1,tensor(-11.3894),tensor(-8.7871),tensor(-9.4249),1
29,Not all companies command universities to chat.,All companies command universities to chat.,2,2,negation,control,quantifier,some - all,Not all companies command universities to chat. All companies command universities to chat.,tensor(-10.5646),tensor(-9.1634),tensor(-9.3942),1,tensor(-9.7332),tensor(-8.1617),tensor(-8.6470),1
30,All cashiers exercise.,Some cashiers exercise.,0,2,reverse negated implicature_P,target,quantifier,some - all,All cashiers exercise. Some cashiers exercise.,tensor(-10.7369),tensor(-9.6245),tensor(-10.4185),1,tensor(-9.4316),tensor(-8.5912),tensor(-9.2926),1
31,All doctors had disagreed.,Not all doctors had disagreed.,2,2,negation,control,quantifier,some - all,All doctors had disagreed. Not all doctors had disagreed.,tensor(-10.2852),tensor(-9.0662),tensor(-9.0763),1,tensor(-10.0085),tensor(-8.9979),tensor(-9.1052),1
32,All actors will predict many blouses to soak.,Some actors will predict many blouses to soak.,0,2,reverse negated implicature_P,target,quantifier,some - all,All actors will predict many blouses to soak. Some actors will predict many blouses to soak.,tensor(-9.8332),tensor(-8.3539),tensor(-9.2385),1,tensor(-9.6801),tensor(-7.5894),tensor(-9.1812),1
33,Amelia might exit no schools.,Amelia might not exit all schools.,0,2,reverse negated implicature_N,target,quantifier,some - all,Amelia might exit no schools. Amelia might not exit all schools.,tensor(-10.3418),tensor(-9.2189),tensor(-9.4129),1,tensor(-10.5121),tensor(-8.8821),tensor(-9.3326),1
34,Most actors impress all organizations.,Most actors impress no organizations.,2,2,opposite,control,quantifier,some - all,Most actors impress all organizations. Most actors impress no organizations.,tensor(-10.3521),tensor(-9.2528),tensor(-9.6515),1,tensor(-9.1705),tensor(-7.9100),tensor(-7.8708),2
35,The actress could research all photographs.,The actress could research no photographs.,2,2,opposite,control,quantifier,some - all,The actress could research all photographs. The actress could research no photographs.,tensor(-10.5615),tensor(-9.4406),tensor(-10.0274),1,tensor(-9.9950),tensor(-8.4424),tensor(-8.9180),1
36,No doctors had disagreed.,Not all doctors had disagreed.,0,2,reverse negated implicature_N,target,quantifier,some - all,No doctors had disagreed. Not all doctors had disagreed.,tensor(-10.7083),tensor(-9.3845),tensor(-9.4789),1,tensor(-10.6230),tensor(-9.3179),tensor(-10.1161),1
37,Karen doesn't explore all public parks.,Karen explores some public parks.,1,0,implicature_NtoP,target,quantifier,some - all,Karen doesn't explore all public parks. Karen explores some public parks.,tensor(-10.4453),tensor(-9.8009),tensor(-10.0140),1,tensor(-9.2673),tensor(-9.2549),tensor(-8.2942),2
38,Some dresses tighten.,Not all dresses tighten.,1,0,implicature_PtoN,target,quantifier,some - all,Some dresses tighten. Not all dresses tighten.,tensor(-11.1145),tensor(-9.8279),tensor(-10.2989),1,tensor(-10.3427),tensor(-9.3252),tensor(-10.6304),1
39,All adults had attacked that student.,Some adults had attacked that student.,0,2,reverse negated implicature_P,target,quantifier,some - all,All adults had attacked that student. Some adults had attacked that student.,tensor(-11.3551),tensor(-9.7468),tensor(-10.2012),1,tensor(-11.1720),tensor(-9.0763),tensor(-9.6777),1
40,Some children questioned Keith.,All children questioned Keith.,1,2,negated implicature_P,target,quantifier,some - all,Some children questioned Keith. All children questioned Keith.,tensor(-11.7994),tensor(-10.5504),tensor(-10.8328),1,tensor(-11.0784),tensor(-9.6654),tensor(-10.6763),1
41,All dancers will bring these hills.,Some dancers will bring these hills.,0,2,reverse negated implicature_P,target,quantifier,some - all,All dancers will bring these hills. Some dancers will bring these hills.,tensor(-11.6096),tensor(-9.9750),tensor(-10.9672),1,tensor(-10.7935),tensor(-8.7350),tensor(-9.7677),1
42,Not all men were leaving.,No men were leaving.,1,2,negated implicature_N,target,quantifier,some - all,Not all men were leaving. No men were leaving.,tensor(-11.4977),tensor(-9.3072),tensor(-9.4939),1,tensor(-10.8430),tensor(-8.1812),tensor(-8.3146),1
43,Not all adults have concealed the newspaper articles.,No adults have concealed the newspaper articles.,1,2,negated implicature_N,target,quantifier,some - all,Not all adults have concealed the newspaper articles. No adults have concealed the newspaper articles.,tensor(-10.4135),tensor(-9.3541),tensor(-9.3304),2,tensor(-9.6281),tensor(-9.0597),tensor(-8.4269),2
44,The Clintons bothered all dancers.,The Clintons bothered no dancers.,2,2,opposite,control,quantifier,some - all,The Clintons bothered all dancers. The Clintons bothered no dancers.,tensor(-10.5489),tensor(-9.2262),tensor(-8.9464),2,tensor(-10.7090),tensor(-9.0415),tensor(-8.4167),2
45,No people had questioned Steven.,All people had questioned Steven.,2,2,opposite,control,quantifier,some - all,No people had questioned Steven. All people had questioned Steven.,tensor(-11.9818),tensor(-10.4183),tensor(-10.9657),1,tensor(-11.2903),tensor(-9.4160),tensor(-10.3600),1
46,Thomas revealed no gates.,Thomas revealed all gates.,2,2,opposite,control,quantifier,some - all,Thomas revealed no gates. Thomas revealed all gates.,tensor(-11.2728),tensor(-9.8286),tensor(-10.0216),1,tensor(-9.7522),tensor(-7.8911),tensor(-7.5738),2
47,Some actresses had longed to annoy this pedestrian.,No actresses had longed to annoy this pedestrian.,2,2,negation,control,quantifier,some - all,Some actresses had longed to annoy this pedestrian. No actresses had longed to annoy this pedestrian.,tensor(-10.9653),tensor(-10.4190),tensor(-10.2167),2,tensor(-10.6297),tensor(-9.4787),tensor(-9.5671),1
48,A lot of people were walking through all cafes.,A lot of people were walking through some cafes.,0,2,reverse negated implicature_P,target,quantifier,some - all,A lot of people were walking through all cafes. A lot of people were walking through some cafes.,tensor(-11.7836),tensor(-9.5834),tensor(-10.0045),1,tensor(-11.5449),tensor(-9.2958),tensor(-10.5748),1
49,Some women are needing the library to conspire.,All women are needing the library to conspire.,1,2,negated implicature_P,target,quantifier,some - all,Some women are needing the library to conspire. All women are needing the library to conspire.,tensor(-11.4083),tensor(-10.1044),tensor(-10.1269),1,tensor(-12.3267),tensor(-10.6482),tensor(-10.9451),1
50,The truck is enourmous.,The truck is not big.,2,2,opposite,control,adjective,big-enourmous,The truck is enourmous. The truck is not big.,tensor(-10.5502),tensor(-8.7983),tensor(-8.9870),1,tensor(-9.9898),tensor(-8.9536),tensor(-9.1976),1
51,That casserole is great.,That casserole is not great.,2,2,negation,control,adjective,fine-great,That casserole is great. That casserole is not great.,tensor(-10.8052),tensor(-9.3856),tensor(-9.8818),1,tensor(-9.4952),tensor(-7.3927),tensor(-8.3192),1
52,The cart is good.,The cart is not good.,2,2,negation,control,adjective,good-excellent,The cart is good. The cart is not good.,tensor(-10.8309),tensor(-9.1072),tensor(-9.5543),1,tensor(-9.7417),tensor(-7.7635),tensor(-8.5574),1
53,That casserole is not enourmous.,That casserole is enourmous.,2,2,negation,control,adjective,big-enourmous,That casserole is not enourmous. That casserole is enourmous.,tensor(-10.2021),tensor(-8.4294),tensor(-8.7467),1,tensor(-10.2388),tensor(-8.6913),tensor(-8.6861),2
54,Guys are not enourmous.,Guys are not big.,1,2,negated implicature_N,target,adjective,big-enourmous,Guys are not enourmous. Guys are not big.,tensor(-10.8921),tensor(-9.9494),tensor(-9.9145),2,tensor(-9.9662),tensor(-9.2961),tensor(-9.2562),2
55,Kayla is not enourmous.,Kayla is enourmous.,2,2,negation,control,adjective,big-enourmous,Kayla is not enourmous. Kayla is enourmous.,tensor(-10.9100),tensor(-9.5702),tensor(-9.6427),1,tensor(-10.3181),tensor(-8.8593),tensor(-8.5954),2
56,That hill is not good.,That hill is not excellent.,0,2,reverse negated implicature_N,target,adjective,good-excellent,That hill is not good. That hill is not excellent.,tensor(-10.7719),tensor(-9.3041),tensor(-10.1307),1,tensor(-10.4166),tensor(-8.5020),tensor(-9.8823),1
57,Art galleries are not enourmous.,Art galleries are big.,1,0,implicature_NtoP,target,adjective,big-enourmous,Art galleries are not enourmous. Art galleries are big.,tensor(-11.3340),tensor(-9.2805),tensor(-9.3140),1,tensor(-10.6823),tensor(-8.9270),tensor(-9.0017),1
58,Regina is brilliant.,Regina is smart.,0,2,reverse negated implicature_P,target,adjective,smart-brilliant,Regina is brilliant. Regina is smart.,tensor(-11.3931),tensor(-9.9922),tensor(-10.1667),1,tensor(-10.8275),tensor(-8.5499),tensor(-9.2784),1
59,The mountain is not great.,The mountain is fine.,1,0,implicature_NtoP,target,adjective,fine-great,The mountain is not great. The mountain is fine.,tensor(-10.5877),tensor(-8.7586),tensor(-9.5517),1,tensor(-9.8972),tensor(-8.3590),tensor(-9.1380),1
60,This beef is not big.,This beef is enourmous.,2,2,opposite,control,adjective,big-enourmous,This beef is not big. This beef is enourmous.,tensor(-11.2008),tensor(-9.4350),tensor(-10.0463),1,tensor(-10.2050),tensor(-8.8766),tensor(-9.3535),1
61,The university is big.,The university is not big.,2,2,negation,control,adjective,big-enourmous,The university is big. The university is not big.,tensor(-10.4558),tensor(-9.5541),tensor(-9.5728),1,tensor(-9.4601),tensor(-8.6926),tensor(-7.9945),2
62,These books are excellent.,These books are good.,0,2,reverse negated implicature_P,target,adjective,good-excellent,These books are excellent. These books are good.,tensor(-11.1544),tensor(-9.6153),tensor(-10.3452),1,tensor(-10.5566),tensor(-8.5865),tensor(-9.7202),1
63,The cart is excellent.,The cart is not excellent.,2,2,negation,control,adjective,good-excellent,The cart is excellent. The cart is not excellent.,tensor(-10.8115),tensor(-9.2130),tensor(-9.1952),2,tensor(-9.6857),tensor(-8.0287),tensor(-8.1188),1
64,Dana is not smart.,Dana is smart.,2,2,negation,control,adjective,smart-brilliant,Dana is not smart. Dana is smart.,tensor(-11.0204),tensor(-9.8536),tensor(-9.3348),2,tensor(-10.7817),tensor(-9.0337),tensor(-8.6123),2
65,Hills are great.,Hills are not great.,2,2,negation,control,adjective,fine-great,Hills are great. Hills are not great.,tensor(-11.2017),tensor(-9.2984),tensor(-9.7984),1,tensor(-9.3615),tensor(-7.0240),tensor(-7.4717),1
66,Bill is not big.,Bill is big.,2,2,negation,control,adjective,big-enourmous,Bill is not big. Bill is big.,tensor(-11.4741),tensor(-9.4762),tensor(-9.2551),2,tensor(-10.2954),tensor(-8.6928),tensor(-8.3105),2
67,The sketch is not good.,The sketch is good.,2,2,negation,control,adjective,good-excellent,The sketch is not good. The sketch is good.,tensor(-10.5934),tensor(-9.3405),tensor(-9.7649),1,tensor(-10.1000),tensor(-8.3517),tensor(-8.2998),2
68,Hills are fine.,Hills are great.,1,2,negated implicature_P,target,adjective,fine-great,Hills are fine. Hills are great.,tensor(-11.3554),tensor(-8.9981),tensor(-10.2697),1,tensor(-10.1812),tensor(-8.0862),tensor(-9.8869),1
69,The truck is big.,The truck is not enourmous.,1,0,implicature_PtoN,target,adjective,big-enourmous,The truck is big. The truck is not enourmous.,tensor(-10.6587),tensor(-8.9380),tensor(-9.3556),1,tensor(-9.6192),tensor(-8.0562),tensor(-8.2061),1
70,Janice is brilliant.,Janice is not brilliant.,2,2,negation,control,adjective,smart-brilliant,Janice is brilliant. Janice is not brilliant.,tensor(-10.4813),tensor(-9.8614),tensor(-9.0641),2,tensor(-9.9113),tensor(-8.5620),tensor(-7.9130),2
71,The shawl is big.,The shawl is enourmous.,1,2,negated implicature_P,target,adjective,big-enourmous,The shawl is big. The shawl is enourmous.,tensor(-11.5627),tensor(-9.9172),tensor(-10.4982),1,tensor(-10.6611),tensor(-8.8611),tensor(-9.5344),1
72,The cart is not good.,The cart is not excellent.,0,2,reverse negated implicature_N,target,adjective,good-excellent,The cart is not good. The cart is not excellent.,tensor(-10.9841),tensor(-9.5818),tensor(-10.3030),1,tensor(-10.4931),tensor(-8.8298),tensor(-9.8793),1
73,Tanya is enourmous.,Tanya is big.,0,2,reverse negated implicature_P,target,adjective,big-enourmous,Tanya is enourmous. Tanya is big.,tensor(-11.1318),tensor(-9.7727),tensor(-10.3318),1,tensor(-10.7562),tensor(-9.3753),tensor(-10.3280),1
74,These dishes are big.,These dishes are not big.,2,2,negation,control,adjective,big-enourmous,These dishes are big. These dishes are not big.,tensor(-11.4092),tensor(-9.2448),tensor(-9.7717),1,tensor(-10.0079),tensor(-8.1520),tensor(-8.3333),1
75,These paintings are not good.,These paintings are excellent.,2,2,opposite,control,adjective,good-excellent,These paintings are not good. These paintings are excellent.,tensor(-12.1202),tensor(-9.8430),tensor(-10.0668),1,tensor(-11.7621),tensor(-9.5493),tensor(-9.4946),2
76,Sharon is not brilliant.,Sharon is not smart.,1,2,negated implicature_N,target,adjective,smart-brilliant,Sharon is not brilliant. Sharon is not smart.,tensor(-11.6092),tensor(-10.8258),tensor(-10.4544),2,tensor(-10.8833),tensor(-10.1766),tensor(-9.6653),2
77,This mushroom is excellent.,This mushroom is not excellent.,2,2,negation,control,adjective,good-excellent,This mushroom is excellent. This mushroom is not excellent.,tensor(-10.3127),tensor(-9.0306),tensor(-9.2193),1,tensor(-9.7582),tensor(-7.9404),tensor(-8.3108),1
78,The painting is not big.,The painting is enourmous.,2,2,opposite,control,adjective,big-enourmous,The painting is not big. The painting is enourmous.,tensor(-11.4217),tensor(-9.5382),tensor(-9.8300),1,tensor(-10.5142),tensor(-8.4863),tensor(-8.4702),2
79,Catherine is not enourmous.,Catherine is enourmous.,2,2,negation,control,adjective,big-enourmous,Catherine is not enourmous. Catherine is enourmous.,tensor(-10.2924),tensor(-8.9599),tensor(-8.6101),2,tensor(-9.9460),tensor(-8.1546),tensor(-7.3590),2
80,The glass is excellent.,The glass is good.,0,2,reverse negated implicature_P,target,adjective,good-excellent,The glass is excellent. The glass is good.,tensor(-10.8267),tensor(-8.5570),tensor(-9.7111),1,tensor(-10.6086),tensor(-7.6746),tensor(-9.3425),1
81,This cart is great.,This cart is not great.,2,2,negation,control,adjective,fine-great,This cart is great. This cart is not great.,tensor(-11.1827),tensor(-9.3415),tensor(-9.5017),1,tensor(-10.2456),tensor(-7.5373),tensor(-8.6035),1
82,The university is enourmous.,The university is big.,0,2,reverse negated implicature_P,target,adjective,big-enourmous,The university is enourmous. The university is big.,tensor(-11.4109),tensor(-9.9417),tensor(-10.8745),1,tensor(-10.9720),tensor(-9.3715),tensor(-10.5038),1
83,Matt is not smart.,Matt is not brilliant.,0,2,reverse negated implicature_N,target,adjective,smart-brilliant,Matt is not smart. Matt is not brilliant.,tensor(-12.4281),tensor(-10.9737),tensor(-10.5805),2,tensor(-12.5951),tensor(-10.6778),tensor(-10.4765),2
84,That pork is great.,That pork is not fine.,2,2,opposite,control,adjective,fine-great,That pork is great. That pork is not fine.,tensor(-10.8707),tensor(-9.5002),tensor(-9.5267),1,tensor(-9.8566),tensor(-8.6743),tensor(-8.6930),1
85,This public park is excellent.,This public park is not good.,2,2,opposite,control,adjective,good-excellent,This public park is excellent. This public park is not good.,tensor(-10.9487),tensor(-9.7393),tensor(-9.9614),1,tensor(-10.2004),tensor(-8.6212),tensor(-9.9815),1
86,This cart is not fine.,This cart is not great.,0,2,reverse negated implicature_N,target,adjective,fine-great,This cart is not fine. This cart is not great.,tensor(-11.1409),tensor(-9.5739),tensor(-10.0242),1,tensor(-11.1799),tensor(-9.0689),tensor(-10.0629),1
87,Eric is not brilliant.,Eric is smart.,1,0,implicature_NtoP,target,adjective,smart-brilliant,Eric is not brilliant. Eric is smart.,tensor(-12.0383),tensor(-10.1862),tensor(-10.3342),1,tensor(-11.0467),tensor(-8.9250),tensor(-9.2602),1
88,Lori is smart.,Lori is not brilliant.,1,0,implicature_PtoN,target,adjective,smart-brilliant,Lori is smart. Lori is not brilliant.,tensor(-10.8836),tensor(-10.3132),tensor(-9.8756),2,tensor(-10.3046),tensor(-8.6870),tensor(-7.7080),2
89,Helen is enourmous.,Helen is big.,0,2,reverse negated implicature_P,target,adjective,big-enourmous,Helen is enourmous. Helen is big.,tensor(-11.0917),tensor(-9.9344),tensor(-10.4904),1,tensor(-10.2845),tensor(-8.6737),tensor(-9.2476),1
90,Carla is big.,Carla is enourmous.,1,2,negated implicature_P,target,adjective,big-enourmous,Carla is big. Carla is enourmous.,tensor(-11.5467),tensor(-9.6807),tensor(-10.2944),1,tensor(-11.1785),tensor(-9.4937),tensor(-10.5192),1
91,Mark is enourmous.,Mark is big.,0,2,reverse negated implicature_P,target,adjective,big-enourmous,Mark is enourmous. Mark is big.,tensor(-11.3862),tensor(-10.0030),tensor(-10.4666),1,tensor(-10.2330),tensor(-8.6880),tensor(-9.0903),1
92,These plates are not excellent.,These plates are not good.,1,2,negated implicature_N,target,adjective,good-excellent,These plates are not excellent. These plates are not good.,tensor(-11.6015),tensor(-9.7867),tensor(-10.4753),1,tensor(-11.4418),tensor(-9.0604),tensor(-10.1897),1
93,This plate is not excellent.,This plate is not good.,1,2,negated implicature_N,target,adjective,good-excellent,This plate is not excellent. This plate is not good.,tensor(-10.7693),tensor(-9.0429),tensor(-9.5532),1,tensor(-10.9146),tensor(-8.4164),tensor(-9.6706),1
94,These malls are excellent.,These malls are not good.,2,2,opposite,control,adjective,good-excellent,These malls are excellent. These malls are not good.,tensor(-10.9213),tensor(-8.9586),tensor(-9.9247),1,tensor(-10.1688),tensor(-8.0318),tensor(-9.3490),1
95,The college campuses are not big.,The college campuses are enourmous.,2,2,opposite,control,adjective,big-enourmous,The college campuses are not big. The college campuses are enourmous.,tensor(-11.4657),tensor(-10.1375),tensor(-10.3237),1,tensor(-12.0135),tensor(-9.3160),tensor(-9.1523),2
96,These shoes are not good.,These shoes are excellent.,2,2,opposite,control,adjective,good-excellent,These shoes are not good. These shoes are excellent.,tensor(-11.9812),tensor(-9.2332),tensor(-10.3947),1,tensor(-11.5513),tensor(-8.7741),tensor(-9.8764),1
97,This pasta is big.,This pasta is not big.,2,2,negation,control,adjective,big-enourmous,This pasta is big. This pasta is not big.,tensor(-10.8623),tensor(-9.4016),tensor(-9.7129),1,tensor(-9.1609),tensor(-8.3704),tensor(-8.4201),1
98,That screen is excellent.,That screen is good.,0,2,reverse negated implicature_P,target,adjective,good-excellent,That screen is excellent. That screen is good.,tensor(-10.8656),tensor(-9.2645),tensor(-9.7382),1,tensor(-10.1048),tensor(-8.5466),tensor(-10.3856),1
99,Kayla is big.,Kayla is enourmous.,1,2,negated implicature_P,target,adjective,big-enourmous,Kayla is big. Kayla is enourmous.,tensor(-11.2832),tensor(-9.7993),tensor(-10.2790),1,tensor(-10.7579),tensor(-9.3347),tensor(-10.3695),1
100,This waitress got to those libraries.,This waitress did not go towards those libraries.,2,2,opposite,control,verb,went towards - got to,This waitress got to those libraries. This waitress did not go towards those libraries.,tensor(-11.0073),tensor(-10.2101),tensor(-10.3091),1,tensor(-9.8133),tensor(-8.9023),tensor(-8.5743),2
101,Those boys sprinted to those closets.,Those boys did not sprint to those closets.,2,2,negation,control,verb,ran - sprinted,Those boys sprinted to those closets. Those boys did not sprint to those closets.,tensor(-10.5171),tensor(-9.7640),tensor(-9.8334),1,tensor(-10.2802),tensor(-8.9053),tensor(-8.6138),2
102,Winston Churchill went towards lakes.,Winston Churchill did not go towards lakes.,2,2,negation,control,verb,went towards - got to,Winston Churchill went towards lakes. Winston Churchill did not go towards lakes.,tensor(-10.3807),tensor(-9.6007),tensor(-8.7779),2,tensor(-10.2528),tensor(-9.1628),tensor(-8.0755),2
103,The waiter did not manage to talk to Florence.,The waiter managed to talk to Florence.,2,2,negation,control,verb,tried - managed,The waiter did not manage to talk to Florence. The waiter managed to talk to Florence.,tensor(-10.4013),tensor(-9.5653),tensor(-9.7150),1,tensor(-10.9822),tensor(-9.5959),tensor(-8.8253),2
104,Lori did not sprint.,Lori did not run.,1,2,negated implicature_N,target,verb,ran - sprinted,Lori did not sprint. Lori did not run.,tensor(-11.3176),tensor(-9.3988),tensor(-9.8247),1,tensor(-10.9693),tensor(-9.2045),tensor(-9.2300),1
105,Andrew did not sprint to that hill.,Andrew sprinted to that hill.,2,2,negation,control,verb,ran - sprinted,Andrew did not sprint to that hill. Andrew sprinted to that hill.,tensor(-11.4321),tensor(-10.6257),tensor(-10.6645),1,tensor(-11.3848),tensor(-9.8246),tensor(-9.2535),2
106,Melanie did not try to cheer.,Melanie did not manage to cheer.,0,2,reverse negated implicature_N,target,verb,tried - managed,Melanie did not try to cheer. Melanie did not manage to cheer.,tensor(-11.2958),tensor(-9.9064),tensor(-10.3056),1,tensor(-11.6824),tensor(-9.8048),tensor(-10.2221),1
107,Amelia did not manage to come here.,Amelia tried to come here.,1,0,implicature_NtoP,target,verb,tried - managed,Amelia did not manage to come here. Amelia tried to come here.,tensor(-10.5973),tensor(-9.8076),tensor(-10.0382),1,tensor(-11.8714),tensor(-10.5410),tensor(-10.1342),2
108,Eric got to the Great Lakes.,Eric went towards the Great Lakes.,0,2,reverse negated implicature_P,target,verb,went towards - got to,Eric got to the Great Lakes. Eric went towards the Great Lakes.,tensor(-11.5803),tensor(-10.1960),tensor(-10.6627),1,tensor(-11.7056),tensor(-9.6870),tensor(-10.3832),1
109,The actors did not sprint.,The actors ran.,1,0,implicature_NtoP,target,verb,ran - sprinted,The actors did not sprint. The actors ran.,tensor(-11.9567),tensor(-9.9472),tensor(-10.5025),1,tensor(-12.0173),tensor(-9.7452),tensor(-10.4624),1
110,Winston Churchill did not go towards these mountains.,Winston Churchill got to these mountains.,2,2,opposite,control,verb,went towards - got to,Winston Churchill did not go towards these mountains. Winston Churchill got to these mountains.,tensor(-11.1644),tensor(-9.8355),tensor(-9.6479),2,tensor(-11.2782),tensor(-9.2055),tensor(-9.1954),2
111,Emily ran.,Emily did not run.,2,2,negation,control,verb,ran - sprinted,Emily ran. Emily did not run.,tensor(-10.4781),tensor(-9.5066),tensor(-9.2008),2,tensor(-11.2521),tensor(-9.8354),tensor(-9.1361),2
112,These senators got to this river.,These senators went towards this river.,0,2,reverse negated implicature_P,target,verb,went towards - got to,These senators got to this river. These senators went towards this river.,tensor(-11.9032),tensor(-10.4624),tensor(-10.6753),1,tensor(-11.3021),tensor(-10.2344),tensor(-11.0049),1
113,Winston Churchill got to lakes.,Winston Churchill did not get to lakes.,2,2,negation,control,verb,went towards - got to,Winston Churchill got to lakes. Winston Churchill did not get to lakes.,tensor(-10.9667),tensor(-10.1668),tensor(-9.3820),2,tensor(-10.8495),tensor(-9.7163),tensor(-9.2118),2
114,Richard did not try to return to Amy.,Richard tried to return to Amy.,2,2,negation,control,verb,tried - managed,Richard did not try to return to Amy. Richard tried to return to Amy.,tensor(-10.9535),tensor(-9.5656),tensor(-9.4229),2,tensor(-11.5525),tensor(-9.3980),tensor(-8.9605),2
115,Patrick managed to leave.,Patrick did not manage to leave.,2,2,negation,control,verb,tried - managed,Patrick managed to leave. Patrick did not manage to leave.,tensor(-11.2981),tensor(-10.2891),tensor(-10.6913),1,tensor(-11.0764),tensor(-9.2581),tensor(-9.5346),1
116,Stacy did not run to the banks.,Stacy ran to the banks.,2,2,negation,control,verb,ran - sprinted,Stacy did not run to the banks. Stacy ran to the banks.,tensor(-11.1351),tensor(-9.5069),tensor(-9.4847),2,tensor(-10.9271),tensor(-9.4669),tensor(-8.5030),2
117,Richard did not try to walk through the mountain.,Richard tried to walk through the mountain.,2,2,negation,control,verb,tried - managed,Richard did not try to walk through the mountain. Richard tried to walk through the mountain.,tensor(-11.5560),tensor(-9.7201),tensor(-9.6243),2,tensor(-11.2974),tensor(-9.3119),tensor(-8.8760),2
118,Patrick tried to leave.,Patrick managed to leave.,1,2,negated implicature_P,target,verb,tried - managed,Patrick tried to leave. Patrick managed to leave.,tensor(-11.7069),tensor(-10.2121),tensor(-10.6027),1,tensor(-10.5852),tensor(-8.8453),tensor(-9.8132),1
119,This waitress went towards those libraries.,This waitress did not get to those libraries.,1,0,implicature_PtoN,target,verb,went towards - got to,This waitress went towards those libraries. This waitress did not get to those libraries.,tensor(-10.9831),tensor(-10.3852),tensor(-10.2948),2,tensor(-10.0615),tensor(-9.4275),tensor(-9.3266),2
120,Judy sprinted.,Judy did not sprint.,2,2,negation,control,verb,ran - sprinted,Judy sprinted. Judy did not sprint.,tensor(-10.8331),tensor(-10.1074),tensor(-9.9702),2,tensor(-9.7273),tensor(-8.9932),tensor(-8.5320),2
121,Daniel ran to these museums.,Daniel sprinted to these museums.,1,2,negated implicature_P,target,verb,ran - sprinted,Daniel ran to these museums. Daniel sprinted to these museums.,tensor(-11.8689),tensor(-10.0444),tensor(-10.4499),1,tensor(-11.7638),tensor(-9.2374),tensor(-9.8448),1
122,Winston Churchill did not go towards lakes.,Winston Churchill did not get to lakes.,0,2,reverse negated implicature_N,target,verb,went towards - got to,Winston Churchill did not go towards lakes. Winston Churchill did not get to lakes.,tensor(-11.2637),tensor(-10.3691),tensor(-9.6656),2,tensor(-12.0209),tensor(-11.0095),tensor(-10.3569),2
123,Richard sprinted to that oasis.,Richard ran to that oasis.,0,2,reverse negated implicature_P,target,verb,ran - sprinted,Richard sprinted to that oasis. Richard ran to that oasis.,tensor(-11.6510),tensor(-10.1618),tensor(-10.9137),1,tensor(-11.0311),tensor(-9.1926),tensor(-10.1519),1
124,The Impressionists ran to the hill.,The Impressionists did not run to the hill.,2,2,negation,control,verb,ran - sprinted,The Impressionists ran to the hill. The Impressionists did not run to the hill.,tensor(-10.5446),tensor(-9.8760),tensor(-9.1828),2,tensor(-10.4840),tensor(-8.9764),tensor(-7.8487),2
125,Dana did not try to hate Paula.,Dana managed to hate Paula.,2,2,opposite,control,verb,tried - managed,Dana did not try to hate Paula. Dana managed to hate Paula.,tensor(-11.1319),tensor(-9.1003),tensor(-9.5828),1,tensor(-11.4151),tensor(-8.7487),tensor(-9.1042),1
126,Martin did not sprint to closets.,Martin did not run to closets.,1,2,negated implicature_N,target,verb,ran - sprinted,Martin did not sprint to closets. Martin did not run to closets.,tensor(-11.9640),tensor(-10.1936),tensor(-10.7675),1,tensor(-11.8183),tensor(-9.2628),tensor(-9.3430),1
127,Deborah managed to argue about Candice.,Deborah did not manage to argue about Candice.,2,2,negation,control,verb,tried - managed,Deborah managed to argue about Candice. Deborah did not manage to argue about Candice.,tensor(-11.0944),tensor(-10.1862),tensor(-10.0375),2,tensor(-10.4088),tensor(-9.2256),tensor(-8.3958),2
128,Victoria did not run to the Great Lakes.,Victoria sprinted to the Great Lakes.,2,2,opposite,control,verb,ran - sprinted,Victoria did not run to the Great Lakes. Victoria sprinted to the Great Lakes.,tensor(-11.7433),tensor(-9.9414),tensor(-10.4822),1,tensor(-11.7564),tensor(-9.7709),tensor(-9.8968),1
129,Theresa did not manage to concur.,Theresa managed to concur.,2,2,negation,control,verb,tried - managed,Theresa did not manage to concur. Theresa managed to concur.,tensor(-9.8172),tensor(-9.0317),tensor(-8.8054),2,tensor(-9.7015),tensor(-8.2044),tensor(-8.4028),1
130,Ella managed to hate Naomi.,Ella tried to hate Naomi.,0,2,reverse negated implicature_P,target,verb,tried - managed,Ella managed to hate Naomi. Ella tried to hate Naomi.,tensor(-11.4567),tensor(-10.2936),tensor(-10.6967),1,tensor(-11.7170),tensor(-9.9150),tensor(-10.4329),1
131,Alicia sprinted to that hospital.,Alicia did not sprint to that hospital.,2,2,negation,control,verb,ran - sprinted,Alicia sprinted to that hospital. Alicia did not sprint to that hospital.,tensor(-10.5583),tensor(-9.6959),tensor(-9.3416),2,tensor(-10.7696),tensor(-9.9180),tensor(-8.7639),2
132,Emily sprinted.,Emily ran.,0,2,reverse negated implicature_P,target,verb,ran - sprinted,Emily sprinted. Emily ran.,tensor(-10.9702),tensor(-9.8713),tensor(-10.2431),1,tensor(-10.5900),tensor(-8.9564),tensor(-9.4383),1
133,Florence did not try to respect Carmen.,Florence did not manage to respect Carmen.,0,2,reverse negated implicature_N,target,verb,tried - managed,Florence did not try to respect Carmen. Florence did not manage to respect Carmen.,tensor(-11.2981),tensor(-9.7130),tensor(-9.7197),1,tensor(-11.8032),tensor(-9.7361),tensor(-10.3189),1
134,The senator managed to compromise.,The senator did not try to compromise.,2,2,opposite,control,verb,tried - managed,The senator managed to compromise. The senator did not try to compromise.,tensor(-10.5232),tensor(-9.6491),tensor(-9.7561),1,tensor(-10.8178),tensor(-10.4387),tensor(-10.1057),2
135,Jane sprinted.,Jane did not run.,2,2,opposite,control,verb,ran - sprinted,Jane sprinted. Jane did not run.,tensor(-11.0476),tensor(-9.6433),tensor(-9.6699),1,tensor(-10.4147),tensor(-9.6082),tensor(-8.4487),2
136,Alicia did not run to that hospital.,Alicia did not sprint to that hospital.,0,2,reverse negated implicature_N,target,verb,ran - sprinted,Alicia did not run to that hospital. Alicia did not sprint to that hospital.,tensor(-11.7145),tensor(-9.6680),tensor(-9.9433),1,tensor(-11.7668),tensor(-10.0776),tensor(-9.4591),2
137,Nicole did not sprint to the restaurant.,Nicole ran to the restaurant.,1,0,implicature_NtoP,target,verb,ran - sprinted,Nicole did not sprint to the restaurant. Nicole ran to the restaurant.,tensor(-11.2305),tensor(-8.9775),tensor(-9.3211),1,tensor(-10.9993),tensor(-8.9195),tensor(-8.4103),2
138,Natalie went towards college campuses.,Natalie did not get to college campuses.,1,0,implicature_PtoN,target,verb,went towards - got to,Natalie went towards college campuses. Natalie did not get to college campuses.,tensor(-11.5065),tensor(-9.8328),tensor(-10.0406),1,tensor(-10.5935),tensor(-8.3010),tensor(-8.8133),1
139,Dana sprinted to this museum.,Dana ran to this museum.,0,2,reverse negated implicature_P,target,verb,ran - sprinted,Dana sprinted to this museum. Dana ran to this museum.,tensor(-11.7131),tensor(-10.0952),tensor(-10.8675),1,tensor(-11.6091),tensor(-9.7962),tensor(-10.5935),1
140,Patricia tried to embarrass Bradley.,Patricia managed to embarrass Bradley.,1,2,negated implicature_P,target,verb,tried - managed,Patricia tried to embarrass Bradley. Patricia managed to embarrass Bradley.,tensor(-11.1494),tensor(-10.3246),tensor(-10.6415),1,tensor(-9.6048),tensor(-8.7727),tensor(-8.8119),1
141,Martin got to this school.,Martin went towards this school.,0,2,reverse negated implicature_P,target,verb,went towards - got to,Martin got to this school. Martin went towards this school.,tensor(-11.1632),tensor(-10.0096),tensor(-10.8713),1,tensor(-11.2160),tensor(-9.8011),tensor(-10.7165),1
142,Chad did not get to this high school.,Chad did not go towards this high school.,1,2,negated implicature_N,target,verb,went towards - got to,Chad did not get to this high school. Chad did not go towards this high school.,tensor(-12.0529),tensor(-11.1469),tensor(-11.4138),1,tensor(-10.5286),tensor(-9.6562),tensor(-8.7504),2
143,William did not manage to dislike Kristen.,William did not try to dislike Kristen.,1,2,negated implicature_N,target,verb,tried - managed,William did not manage to dislike Kristen. William did not try to dislike Kristen.,tensor(-11.1585),tensor(-9.7518),tensor(-9.9865),1,tensor(-11.3911),tensor(-10.1789),tensor(-10.1517),2
144,Martha got to the public park.,Martha did not go towards the public park.,2,2,opposite,control,verb,went towards - got to,Martha got to the public park. Martha did not go towards the public park.,tensor(-10.7125),tensor(-10.4679),tensor(-10.3592),2,tensor(-10.2530),tensor(-9.7718),tensor(-8.5263),2
145,Margaret did not go towards that hill.,Margaret got to that hill.,2,2,opposite,control,verb,went towards - got to,Margaret did not go towards that hill. Margaret got to that hill.,tensor(-10.8562),tensor(-10.3214),tensor(-10.3973),1,tensor(-10.5080),tensor(-9.3992),tensor(-8.6115),2
146,Beverly did not go towards restaurants.,Beverly got to restaurants.,2,2,opposite,control,verb,went towards - got to,Beverly did not go towards restaurants. Beverly got to restaurants.,tensor(-10.9952),tensor(-9.5003),tensor(-9.7719),1,tensor(-11.1834),tensor(-9.4816),tensor(-9.0916),2
147,Actors tried to smile.,Actors did not try to smile.,2,2,negation,control,verb,tried - managed,Actors tried to smile. Actors did not try to smile.,tensor(-10.9179),tensor(-8.7918),tensor(-9.0274),1,tensor(-10.8929),tensor(-8.6568),tensor(-9.5650),1
148,Melissa managed to cure Jesus.,Melissa tried to cure Jesus.,0,2,reverse negated implicature_P,target,verb,tried - managed,Melissa managed to cure Jesus. Melissa tried to cure Jesus.,tensor(-11.6479),tensor(-10.2003),tensor(-10.3979),1,tensor(-11.9094),tensor(-9.4889),tensor(-9.0617),2
149,Andrew ran to that hill.,Andrew sprinted to that hill.,1,2,negated implicature_P,target,verb,ran - sprinted,Andrew ran to that hill. Andrew sprinted to that hill.,tensor(-11.4943),tensor(-10.2876),tensor(-10.5198),1,tensor(-10.4483),tensor(-10.0195),tensor(-10.2585),1
150,Three companies appreciate a lot of guests.,Two companies don't appreciate a lot of guests.,2,2,opposite,control,numeral_two-three,two - three,Three companies appreciate a lot of guests. Two companies don't appreciate a lot of guests.,tensor(-10.9038),tensor(-9.1465),tensor(-9.1967),1,tensor(-9.7789),tensor(-9.4797),tensor(-8.5575),2
151,Janice could have three cats.,Janice couldn't have three cats.,2,2,negation,control,numeral_two-three,two - three,Janice could have three cats. Janice couldn't have three cats.,tensor(-9.7791),tensor(-9.9617),tensor(-9.2912),2,tensor(-9.9268),tensor(-9.7108),tensor(-8.5575),2
152,Two pedestrians question Margaret.,Two pedestrians don't question Margaret.,2,2,negation,control,numeral_two-three,two - three,Two pedestrians question Margaret. Two pedestrians don't question Margaret.,tensor(-10.7161),tensor(-9.7001),tensor(-9.8519),1,tensor(-10.2705),tensor(-8.2787),tensor(-8.6104),1
153,Meredith didn't sound like three banks.,Meredith sounded like three banks.,2,2,negation,control,numeral_two-three,two - three,Meredith didn't sound like three banks. Meredith sounded like three banks.,tensor(-11.5396),tensor(-9.5527),tensor(-10.4239),1,tensor(-10.9255),tensor(-9.0994),tensor(-9.9252),1
154,Jane doesn't ascend three slopes.,Jane doesn't ascend two slopes.,1,1,no_impl,target,numeral_two-three,two - three,Jane doesn't ascend three slopes. Jane doesn't ascend two slopes.,tensor(-9.4271),tensor(-9.2337),tensor(-8.6604),2,tensor(-8.5326),tensor(-8.6968),tensor(-7.1802),2
155,The sketch wasn't looking like three spotlights.,The sketch was looking like three spotlights.,2,2,negation,control,numeral_two-three,two - three,The sketch wasn't looking like three spotlights. The sketch was looking like three spotlights.,tensor(-11.1601),tensor(-9.1973),tensor(-9.4391),1,tensor(-10.8778),tensor(-8.7786),tensor(-9.4185),1
156,Two girls haven't interacted.,Three girls haven't interacted.,0,1,no_impl,target,numeral_two-three,two - three,Two girls haven't interacted. Three girls haven't interacted.,tensor(-11.1068),tensor(-9.5257),tensor(-9.7103),1,tensor(-9.4245),tensor(-8.5969),tensor(-9.2359),1
157,Three doctors didn't complain.,Two doctors should complain.,1,1,no_impl,target,numeral_two-three,two - three,Three doctors didn't complain. Two doctors should complain.,tensor(-11.2129),tensor(-9.7898),tensor(-10.3126),1,tensor(-10.0983),tensor(-8.7285),tensor(-7.6542),2
158,Three adults have predicted Laurie to insult Danielle.,Two adults have predicted Laurie to insult Danielle.,0,2,reverse negated implicature_P,target,numeral_two-three,two - three,Three adults have predicted Laurie to insult Danielle. Two adults have predicted Laurie to insult Danielle.,tensor(-10.4700),tensor(-8.8918),tensor(-10.0333),1,tensor(-9.5898),tensor(-8.7294),tensor(-9.2695),1
159,Three teenagers don't clean many libraries.,Two teenagers clean many libraries.,1,1,no_impl,target,numeral_two-three,two - three,Three teenagers don't clean many libraries. Two teenagers clean many libraries.,tensor(-10.9589),tensor(-10.3108),tensor(-10.3586),1,tensor(-9.8163),tensor(-8.7680),tensor(-8.0291),2
160,The boys don't reference two reports.,The boys reference three reports.,2,2,opposite,control,numeral_two-three,two - three,The boys don't reference two reports. The boys reference three reports.,tensor(-10.8369),tensor(-9.1995),tensor(-9.1607),2,tensor(-10.2736),tensor(-9.2626),tensor(-8.6983),2
161,Two women have explained everything.,Two women hadn't explained everything.,2,2,negation,control,numeral_two-three,two - three,Two women have explained everything. Two women hadn't explained everything.,tensor(-10.4959),tensor(-9.6565),tensor(-9.0786),2,tensor(-10.0332),tensor(-9.5271),tensor(-8.2486),2
162,Those girls distracts three girls.,Those girls distracts two girls.,0,2,reverse negated implicature_P,target,numeral_two-three,two - three,Those girls distracts three girls. Those girls distracts two girls.,tensor(-10.1570),tensor(-9.2172),tensor(-9.8109),1,tensor(-9.1531),tensor(-8.1818),tensor(-8.3434),1
163,Three pedestrians question Margaret.,Three pedestrians don't question Margaret.,2,2,negation,control,numeral_two-three,two - three,Three pedestrians question Margaret. Three pedestrians don't question Margaret.,tensor(-10.4848),tensor(-9.6561),tensor(-9.7630),1,tensor(-10.0852),tensor(-8.2983),tensor(-8.5007),1
164,Eric hadn't admired two guests.,Eric had admired two guests.,2,2,negation,control,numeral_two-three,two - three,Eric hadn't admired two guests. Eric had admired two guests.,tensor(-10.6495),tensor(-9.7296),tensor(-10.2650),1,tensor(-9.9275),tensor(-8.8554),tensor(-9.2632),1
165,Lissa is dropping by three hills.,Lissa isn't dropping by three hills.,2,2,negation,control,numeral_two-three,two - three,Lissa is dropping by three hills. Lissa isn't dropping by three hills.,tensor(-10.6840),tensor(-10.1173),tensor(-10.3453),1,tensor(-10.2730),tensor(-9.2158),tensor(-7.8263),2
166,Joel didn't observe two doctors.,Joel observed two doctors.,2,2,negation,control,numeral_two-three,two - three,Joel didn't observe two doctors. Joel observed two doctors.,tensor(-11.5912),tensor(-9.9563),tensor(-10.1178),1,tensor(-10.2144),tensor(-9.2657),tensor(-8.3379),2
167,Two actresses don't go fishing.,Two actresses go fishing.,2,2,negation,control,numeral_two-three,two - three,Two actresses don't go fishing. Two actresses go fishing.,tensor(-11.1566),tensor(-10.2033),tensor(-10.0269),2,tensor(-10.9570),tensor(-9.9683),tensor(-9.1757),2
168,Lissa is dropping by two hills.,Lissa is dropping by three hills.,1,2,negated implicature_P,target,numeral_two-three,two - three,Lissa is dropping by two hills. Lissa is dropping by three hills.,tensor(-10.8024),tensor(-9.7543),tensor(-10.3613),1,tensor(-10.3529),tensor(-9.0251),tensor(-9.5629),1
169,Two companies appreciate a lot of guests.,Three companies don't appreciate a lot of guests.,1,0,implicature_PtoN,target,numeral_two-three,two - three,Two companies appreciate a lot of guests. Three companies don't appreciate a lot of guests.,tensor(-10.9766),tensor(-9.0752),tensor(-9.3287),1,tensor(-10.0031),tensor(-9.0619),tensor(-8.6020),2
170,Three drivers fall asleep.,Three drivers don't fall asleep.,2,2,negation,control,numeral_two-three,two - three,Three drivers fall asleep. Three drivers don't fall asleep.,tensor(-10.2058),tensor(-9.4707),tensor(-9.7535),1,tensor(-9.6958),tensor(-9.4485),tensor(-9.8616),1
171,Two sweaters had soaked.,Three sweaters had soaked.,1,2,negated implicature_P,target,numeral_two-three,two - three,Two sweaters had soaked. Three sweaters had soaked.,tensor(-11.2721),tensor(-9.8203),tensor(-10.4945),1,tensor(-9.9104),tensor(-8.5079),tensor(-8.9810),1
172,Two pedestrians don't question Margaret.,Three pedestrians don't question Margaret.,0,1,no_impl,target,numeral_two-three,two - three,Two pedestrians don't question Margaret. Three pedestrians don't question Margaret.,tensor(-10.7745),tensor(-9.6329),tensor(-9.3967),2,tensor(-10.1720),tensor(-9.1441),tensor(-8.7403),2
173,Robert has exited three museums.,Robert has exited two museums.,0,2,reverse negated implicature_P,target,numeral_two-three,two - three,Robert has exited three museums. Robert has exited two museums.,tensor(-10.3473),tensor(-10.0165),tensor(-9.6060),2,tensor(-9.9944),tensor(-10.7067),tensor(-9.6714),2
174,Doctors break two wheelbarrows.,Doctors don't break two wheelbarrows.,2,2,negation,control,numeral_two-three,two - three,Doctors break two wheelbarrows. Doctors don't break two wheelbarrows.,tensor(-10.7925),tensor(-9.8882),tensor(-9.5522),2,tensor(-10.6998),tensor(-9.2283),tensor(-8.8400),2
175,Two guys didn't drive to some cafes.,Three guys drove to some cafes.,2,2,opposite,control,numeral_two-three,two - three,Two guys didn't drive to some cafes. Three guys drove to some cafes.,tensor(-10.3508),tensor(-9.3504),tensor(-8.8241),2,tensor(-9.6093),tensor(-10.2263),tensor(-8.3573),2
176,This boy can't worry three schools.,This boy can't worry two schools.,1,1,no_impl,target,numeral_two-three,two - three,This boy can't worry three schools. This boy can't worry two schools.,tensor(-10.5150),tensor(-9.6629),tensor(-9.8405),1,tensor(-10.2389),tensor(-9.4545),tensor(-8.6720),2
177,Ronald observes three adults.,Ronald doesn't observe three adults.,2,2,negation,control,numeral_two-three,two - three,Ronald observes three adults. Ronald doesn't observe three adults.,tensor(-9.5726),tensor(-8.9308),tensor(-8.5782),2,tensor(-9.9557),tensor(-9.3705),tensor(-8.5049),2
178,Carolyn hadn't talked to two senators.,Carolyn had talked to three senators.,2,2,opposite,control,numeral_two-three,two - three,Carolyn hadn't talked to two senators. Carolyn had talked to three senators.,tensor(-11.5935),tensor(-10.3927),tensor(-10.5043),1,tensor(-11.4722),tensor(-10.3254),tensor(-9.1879),2
179,Russell hasn't researched three documentaries.,Russell has researched three documentaries.,2,2,negation,control,numeral_two-three,two - three,Russell hasn't researched three documentaries. Russell has researched three documentaries.,tensor(-10.6775),tensor(-9.4956),tensor(-10.0864),1,tensor(-10.0966),tensor(-8.9851),tensor(-8.4580),2
180,That bread resembles three paintings.,That bread resembles two paintings.,0,2,reverse negated implicature_P,target,numeral_two-three,two - three,That bread resembles three paintings. That bread resembles two paintings.,tensor(-10.4215),tensor(-9.0751),tensor(-9.4603),1,tensor(-9.6153),tensor(-8.6589),tensor(-8.7184),1
181,Renee returns to three men.,Renee doesn't return to three men.,2,2,negation,control,numeral_two-three,two - three,Renee returns to three men. Renee doesn't return to three men.,tensor(-10.7469),tensor(-9.3325),tensor(-9.7616),1,tensor(-10.3370),tensor(-8.4443),tensor(-8.0335),2
182,Three women have explained everything.,Two women have explained everything.,0,2,reverse negated implicature_P,target,numeral_two-three,two - three,Three women have explained everything. Two women have explained everything.,tensor(-11.2571),tensor(-9.9298),tensor(-9.7269),2,tensor(-10.8071),tensor(-9.8849),tensor(-9.2293),2
183,Those teachers didn't discover two pedestrians.,Those teachers didn't discover three pedestrians.,0,1,no_impl,target,numeral_two-three,two - three,Those teachers didn't discover two pedestrians. Those teachers didn't discover three pedestrians.,tensor(-10.8962),tensor(-9.8919),tensor(-9.6461),2,tensor(-10.8779),tensor(-9.7871),tensor(-9.4213),2
184,Three people persuaded that man to irritate Victoria.,Two people didn't persuade that man to irritate Victoria.,2,2,opposite,control,numeral_two-three,two - three,Three people persuaded that man to irritate Victoria. Two people didn't persuade that man to irritate Victoria.,tensor(-10.0202),tensor(-10.0727),tensor(-9.7339),2,tensor(-10.1162),tensor(-9.6001),tensor(-9.2523),2
185,Three hospitals described Ann.,Two hospitals didn't describe Ann.,2,2,opposite,control,numeral_two-three,two - three,Three hospitals described Ann. Two hospitals didn't describe Ann.,tensor(-11.1740),tensor(-9.9177),tensor(-9.8384),2,tensor(-9.9244),tensor(-9.0255),tensor(-9.6486),1
186,Renee doesn't return to two men.,Renee doesn't return to three men.,0,1,no_impl,target,numeral_two-three,two - three,Renee doesn't return to two men. Renee doesn't return to three men.,tensor(-10.8452),tensor(-9.0767),tensor(-9.3841),1,tensor(-10.4465),tensor(-9.1466),tensor(-9.1365),2
187,The spinach didn't resemble three prints.,The spinach resembled two prints.,1,1,no_impl,target,numeral_two-three,two - three,The spinach didn't resemble three prints. The spinach resembled two prints.,tensor(-11.0421),tensor(-9.5293),tensor(-9.6554),1,tensor(-10.4780),tensor(-9.0056),tensor(-8.6812),2
188,Kenneth has concealed two movies.,Kenneth hasn't concealed three movies.,1,0,implicature_PtoN,target,numeral_two-three,two - three,Kenneth has concealed two movies. Kenneth hasn't concealed three movies.,tensor(-10.2473),tensor(-9.4513),tensor(-9.1245),2,tensor(-9.8133),tensor(-9.9918),tensor(-8.5135),2
189,Horses are disgusting three organizations.,Horses are disgusting two organizations.,0,2,reverse negated implicature_P,target,numeral_two-three,two - three,Horses are disgusting three organizations. Horses are disgusting two organizations.,tensor(-10.2684),tensor(-8.6239),tensor(-9.7470),1,tensor(-9.4784),tensor(-7.4550),tensor(-8.5186),1
190,Windows have bored two actresses.,Windows have bored three actresses.,1,2,negated implicature_P,target,numeral_two-three,two - three,Windows have bored two actresses. Windows have bored three actresses.,tensor(-10.8759),tensor(-9.5156),tensor(-10.1074),1,tensor(-10.5920),tensor(-8.9718),tensor(-9.4075),1
191,Three dancers pressure a lot of adults to salute.,Two dancers pressure a lot of adults to salute.,0,2,reverse negated implicature_P,target,numeral_two-three,two - three,Three dancers pressure a lot of adults to salute. Two dancers pressure a lot of adults to salute.,tensor(-11.8139),tensor(-10.3012),tensor(-10.7730),1,tensor(-11.2186),tensor(-9.3333),tensor(-10.1604),1
192,This adult didn't climb up three hills.,This adult didn't climb up two hills.,1,1,no_impl,target,numeral_two-three,two - three,This adult didn't climb up three hills. This adult didn't climb up two hills.,tensor(-11.1357),tensor(-10.6029),tensor(-10.4403),2,tensor(-10.2902),tensor(-9.6179),tensor(-8.7200),2
193,Julia hadn't stunned three actors.,Julia hadn't stunned two actors.,1,1,no_impl,target,numeral_two-three,two - three,Julia hadn't stunned three actors. Julia hadn't stunned two actors.,tensor(-11.3962),tensor(-10.1428),tensor(-10.4692),1,tensor(-11.3258),tensor(-10.5011),tensor(-9.5302),2
194,Three men laughed.,Two men didn't laugh.,2,2,opposite,control,numeral_two-three,two - three,Three men laughed. Two men didn't laugh.,tensor(-10.9842),tensor(-9.4680),tensor(-9.6685),1,tensor(-10.0219),tensor(-8.9045),tensor(-9.1576),1
195,Alicia wasn't boycotting two hills.,Alicia was boycotting three hills.,2,2,opposite,control,numeral_two-three,two - three,Alicia wasn't boycotting two hills. Alicia was boycotting three hills.,tensor(-11.6587),tensor(-9.6851),tensor(-9.8263),1,tensor(-11.3857),tensor(-9.7152),tensor(-9.3241),2
196,Natalie might not kiss two actresses.,Natalie might kiss three actresses.,2,2,opposite,control,numeral_two-three,two - three,Natalie might not kiss two actresses. Natalie might kiss three actresses.,tensor(-11.5348),tensor(-9.6760),tensor(-10.2018),1,tensor(-10.8457),tensor(-9.0109),tensor(-9.6569),1
197,Two students telephone.,Two students don't telephone.,2,2,negation,control,numeral_two-three,two - three,Two students telephone. Two students don't telephone.,tensor(-9.9428),tensor(-9.8825),tensor(-9.7238),2,tensor(-10.0106),tensor(-10.7289),tensor(-9.4022),2
198,Teachers can disgust three libraries.,Teachers can disgust two libraries.,0,2,reverse negated implicature_P,target,numeral_two-three,two - three,Teachers can disgust three libraries. Teachers can disgust two libraries.,tensor(-9.9078),tensor(-8.1297),tensor(-9.0591),1,tensor(-9.7860),tensor(-7.8526),tensor(-7.6944),2
199,The sketch was looking like two spotlights.,The sketch was looking like three spotlights.,1,2,negated implicature_P,target,numeral_two-three,two - three,The sketch was looking like two spotlights. The sketch was looking like three spotlights.,tensor(-10.6131),tensor(-9.0419),tensor(-9.5044),1,tensor(-9.9867),tensor(-8.3945),tensor(-9.1667),1
