,text,span1_index,span2_index,span1_text,span2_text,idx,label,prompt,log_prob_false,log_prob_true,prediction,log_prob_false_chat,log_prob_true_chat,prediction_chat
0,"The signs over the shops' doors had pictures that indicated what work was done inside. Although more and more people were learning how to read, each artisan still had signs, not wishing to lose a possible patron merely because he happened to be illiterate.",26,39,artisan,he,128,0,"The signs over the shops' doors had pictures that indicated what work was done inside. Although more and more people were learning how to read, each ARTISAN still had signs, not wishing to lose a possible patron merely because HE happened to be illiterate. Coreference:","tensor(-17.7031, dtype=torch.float16)","tensor(-17.5781, dtype=torch.float16)",1,"tensor(-16.6719, dtype=torch.float16)","tensor(-16.6562, dtype=torch.float16)",1
1,"Bob paid for Charlie 's college education, but now Charlie acts as though it never happened. He is very ungrateful.",0,16,Bob,He,12,0,"BOB paid for Charlie 's college education, but now Charlie acts as though it never happened. HE is very ungrateful. Coreference:","tensor(-18.9375, dtype=torch.float16)","tensor(-18.8125, dtype=torch.float16)",1,"tensor(-17.4531, dtype=torch.float16)","tensor(-17.4219, dtype=torch.float16)",1
2,Mark heard Steve 's feet going down the ladder. The door of the shop closed after him. He ran to look out the window.,0,17,Mark,He,412,1,MARK heard Steve 's feet going down the ladder. The door of the shop closed after him. HE ran to look out the window. Coreference:,"tensor(-18.4219, dtype=torch.float16)","tensor(-18.2969, dtype=torch.float16)",1,"tensor(-16.9688, dtype=torch.float16)","tensor(-16.9531, dtype=torch.float16)",1
3,"Susan knew that Ann 's son had been in a car accident, because she told her about it.",3,13,Ann,she,442,1,"Susan knew that ANN 's son had been in a car accident, because SHE told her about it. Coreference:","tensor(-18.4062, dtype=torch.float16)","tensor(-18.2969, dtype=torch.float16)",1,"tensor(-17.5000, dtype=torch.float16)","tensor(-17.4688, dtype=torch.float16)",1
4,"Emma's mother had died long ago, and her place had been taken by an excellent woman as governess.",0,7,Emma,her,433,0,"EMMA'S mother had died long ago, and HER place had been taken by an excellent woman as governess. Coreference:","tensor(-18.1875, dtype=torch.float16)","tensor(-18.0312, dtype=torch.float16)",1,"tensor(-17.0938, dtype=torch.float16)","tensor(-17.0625, dtype=torch.float16)",1
5,"The sack of potatoes had been placed above the bag of flour , so it had to be moved first.",8,14,The bag of flour,it,503,0,"The sack of potatoes had been placed above THE bag of flour , so IT had to be moved first. Coreference:","tensor(-18.1875, dtype=torch.float16)","tensor(-18.0938, dtype=torch.float16)",1,"tensor(-17.6406, dtype=torch.float16)","tensor(-17.6406, dtype=torch.float16)",0
6,"After a somewhat lengthy conversation, Nancy convinced the housekeeper that there was no immediate cause for alarm. She did not mention the incident at the Hamilton bus station, knowing it would only add to Mrs. Gruen’s uneasiness.",5,17,Nancy,She,464,1,"After a somewhat lengthy conversation, NANCY convinced the housekeeper that there was no immediate cause for alarm. SHE did not mention the incident at the Hamilton bus station, knowing it would only add to Mrs. Gruen’s uneasiness. Coreference:","tensor(-17.5781, dtype=torch.float16)","tensor(-17.4375, dtype=torch.float16)",1,"tensor(-15.8906, dtype=torch.float16)","tensor(-15.8516, dtype=torch.float16)",1
7,The city councilmen refused the demonstrators a permit because they feared violence.,0,9,The city councilmen,they,44,1,THE city councilmen refused the demonstrators a permit because THEY feared violence. Coreference:,"tensor(-19.0781, dtype=torch.float16)","tensor(-19.0156, dtype=torch.float16)",1,"tensor(-16.7188, dtype=torch.float16)","tensor(-16.7656, dtype=torch.float16)",0
8,"Although they ran at about the same speed, Sue beat Sally because she had such a good start.",8,12,Sue,she,402,1,"Although they ran at about the same speed, SUE beat Sally because SHE had such a good start. Coreference:","tensor(-18., dtype=torch.float16)","tensor(-17.8750, dtype=torch.float16)",1,"tensor(-17.3750, dtype=torch.float16)","tensor(-17.3438, dtype=torch.float16)",1
9,Emma did not pass the ball to Janie although she was open.,0,9,Emma,she,401,0,EMMA did not pass the ball to Janie although SHE was open. Coreference:,"tensor(-18.2656, dtype=torch.float16)","tensor(-18.1719, dtype=torch.float16)",1,"tensor(-16.7812, dtype=torch.float16)","tensor(-16.8281, dtype=torch.float16)",0
10,"Mark told Pete many lies about himself, which Pete included in his book. He should have been more truthful.",0,13,Mark,He,458,1,"MARK told Pete many lies about himself, which Pete included in his book. HE should have been more truthful. Coreference:","tensor(-18.5938, dtype=torch.float16)","tensor(-18.5156, dtype=torch.float16)",1,"tensor(-17.4688, dtype=torch.float16)","tensor(-17.4844, dtype=torch.float16)",0
11,I put the cake away in the refrigerator . It has a lot of leftovers in it.,6,9,The refrigerator,It,81,1,I put the cake away in THE refrigerator . IT has a lot of leftovers in it. Coreference:,"tensor(-18.2656, dtype=torch.float16)","tensor(-18.1562, dtype=torch.float16)",1,"tensor(-15.9375, dtype=torch.float16)","tensor(-15.9375, dtype=torch.float16)",0
12,Billy cried because Toby wouldn't accept his toy.,0,6,Billy,his,90,1,BILLY cried because Toby wouldn't accept HIS toy. Coreference:,"tensor(-17.9219, dtype=torch.float16)","tensor(-17.7812, dtype=torch.float16)",1,"tensor(-16.7500, dtype=torch.float16)","tensor(-16.6875, dtype=torch.float16)",1
13,Frank was upset with Tom because the toaster he had sold him didn't work.,4,8,Tom,he,203,1,Frank was upset with TOM because the toaster HE had sold him didn't work. Coreference:,"tensor(-17.8594, dtype=torch.float16)","tensor(-17.7812, dtype=torch.float16)",1,"tensor(-16.7188, dtype=torch.float16)","tensor(-16.7656, dtype=torch.float16)",0
14,"The mothers of Arthur and Celeste have come to the town to fetch them . They are very happy to have them back, but they scold them just the same because they ran away. them .",3,13,Arthur and Celeste,them,206,1,"The mothers of ARTHUR and Celeste have come to the town to fetch THEM . They are very happy to have them back, but they scold them just the same because they ran away. them . Coreference:","tensor(-18.4375, dtype=torch.float16)","tensor(-18.3125, dtype=torch.float16)",1,"tensor(-17.2188, dtype=torch.float16)","tensor(-17.1875, dtype=torch.float16)",1
15,"We had hoped to place copies of our newsletter on all the chairs in the auditorium, but there were simply too many of them .",12,23,chairs,them,272,1,"We had hoped to place copies of our newsletter on all the CHAIRS in the auditorium, but there were simply too many of THEM . Coreference:","tensor(-18.2969, dtype=torch.float16)","tensor(-18.1875, dtype=torch.float16)",1,"tensor(-16.7969, dtype=torch.float16)","tensor(-16.8438, dtype=torch.float16)",0
16,"Lily spoke to Donna , breaking her concentration.",0,6,Lily,her,329,0,"LILY spoke to Donna , breaking HER concentration. Coreference:","tensor(-17.7344, dtype=torch.float16)","tensor(-17.6406, dtype=torch.float16)",1,"tensor(-16.4375, dtype=torch.float16)","tensor(-16.5156, dtype=torch.float16)",0
17,"Our mistress hired a room for my crippled sister Nelly , and she gave her knitting and needlework when she was able to do it, and when she was ill she sent her dinners and many nice comfortable things and was like a mother to her.",9,30,Nelly,she,158,0,"Our mistress hired a room for my crippled sister NELLY , and she gave her knitting and needlework when she was able to do it, and when she was ill SHE sent her dinners and many nice comfortable things and was like a mother to her. Coreference:","tensor(-18.0312, dtype=torch.float16)","tensor(-17.8750, dtype=torch.float16)",1,"tensor(-17.4062, dtype=torch.float16)","tensor(-17.3438, dtype=torch.float16)",1
18,"After I saw Bill catching flies and pulling off their wings, I boxed his ears. I showed the master the flies, some crushed and some crawling about helpless, and I showed him the wings on the window sill. I never saw him so angry before; but as Bill was still howling and whining, like the coward that he was, he did not give him any more punishment of that kind, but set him up on a stool for the rest of the afternoon, and said that he should not go out to play for that week.",3,57,Bill,he,484,1,"After I saw BILL catching flies and pulling off their wings, I boxed his ears. I showed the master the flies, some crushed and some crawling about helpless, and I showed him the wings on the window sill. I never saw him so angry before; but as Bill was still howling and whining, like the coward that HE was, he did not give him any more punishment of that kind, but set him up on a stool for the rest of the afternoon, and said that he should not go out to play for that week. Coreference:","tensor(-17.8750, dtype=torch.float16)","tensor(-17.7344, dtype=torch.float16)",1,"tensor(-17.5625, dtype=torch.float16)","tensor(-17.5156, dtype=torch.float16)",1
19,"Dan took the rear seat while Bill claimed the front because his ""Dibs!"" was quicker.",0,11,Dan,his,394,0,"DAN took the rear seat while Bill claimed the front because HIS ""Dibs!"" was quicker. Coreference:","tensor(-18.0625, dtype=torch.float16)","tensor(-17.9219, dtype=torch.float16)",1,"tensor(-16.8438, dtype=torch.float16)","tensor(-16.7969, dtype=torch.float16)",1
20,Steve follows Fred 's example in everything. He admires him hugely.,2,7,Fred,He,385,0,Steve follows FRED 's example in everything. HE admires him hugely. Coreference:,"tensor(-18.0938, dtype=torch.float16)","tensor(-17.9844, dtype=torch.float16)",1,"tensor(-17.4844, dtype=torch.float16)","tensor(-17.4531, dtype=torch.float16)",1
21,"There is a pillar between me and the stage , and I can't see it .",7,14,The stage,it,450,1,"There is a pillar between me and THE stage , and I can't see IT . Coreference:","tensor(-18.6719, dtype=torch.float16)","tensor(-18.5625, dtype=torch.float16)",1,"tensor(-17.8281, dtype=torch.float16)","tensor(-17.8906, dtype=torch.float16)",0
22,Bob collapsed on the sidewalk. Soon he saw Carl coming to help. He was very ill.,8,12,Carl,He,101,0,Bob collapsed on the sidewalk. Soon he saw CARL coming to help. HE was very ill. Coreference:,"tensor(-19.0938, dtype=torch.float16)","tensor(-19., dtype=torch.float16)",1,"tensor(-16.7969, dtype=torch.float16)","tensor(-16.7812, dtype=torch.float16)",1
23,"Sir Clifford wants me to find him a new groom , about twenty or twenty-one, who knows his business. His old coachman is getting feeble, and he wants a man to work with him and get into his ways, who would be able, when the old man was pensioned off, to step into his place",8,17,new groom,his,399,1,"Sir Clifford wants me to find him a NEW groom , about twenty or twenty-one, who knows HIS business. His old coachman is getting feeble, and he wants a man to work with him and get into his ways, who would be able, when the old man was pensioned off, to step into his place Coreference:","tensor(-16.7344, dtype=torch.float16)","tensor(-16.5938, dtype=torch.float16)",1,"tensor(-15.5000, dtype=torch.float16)","tensor(-15.4688, dtype=torch.float16)",1
24,Jim comforted Kevin because he was so upset.,2,4,Kevin,he,278,1,Jim comforted KEVIN because HE was so upset. Coreference:,"tensor(-18.1250, dtype=torch.float16)","tensor(-18.0938, dtype=torch.float16)",1,"tensor(-16.7344, dtype=torch.float16)","tensor(-16.3594, dtype=torch.float16)",1
25,"Alice tried frantically to stop her daughter from chatting at the party, leaving us to wonder why she was behaving so strangely.",0,17,Alice,she,529,1,"ALICE tried frantically to stop her daughter from chatting at the party, leaving us to wonder why SHE was behaving so strangely. Coreference:","tensor(-18.1875, dtype=torch.float16)","tensor(-18.0625, dtype=torch.float16)",1,"tensor(-17.0781, dtype=torch.float16)","tensor(-17.0469, dtype=torch.float16)",1
26,Do you suppose that Peter is responsible for the captain ’s illness? Maybe he bribed the cook to put something in his food.,8,13,the captain,he,470,0,Do you suppose that Peter is responsible for THE captain ’s illness? Maybe HE bribed the cook to put something in his food. Coreference:,"tensor(-18.1875, dtype=torch.float16)","tensor(-18.1094, dtype=torch.float16)",1,"tensor(-16.1875, dtype=torch.float16)","tensor(-16.1875, dtype=torch.float16)",0
27,"After I saw Bill catching flies and pulling off their wings, I boxed his ears. I showed the master the flies, some crushed and some crawling about helpless, and I showed him the wings on the window sill. I never saw him so angry before; but as Bill was still howling and whining, like the coward that he was, he did not give him any more punishment of that kind, but set him up on a stool for the rest of the afternoon, and said that he should not go out to play for that week.",17,31,the master,him,134,1,"After I saw Bill catching flies and pulling off their wings, I boxed his ears. I showed THE master the flies, some crushed and some crawling about helpless, and I showed HIM the wings on the window sill. I never saw him so angry before; but as Bill was still howling and whining, like the coward that he was, he did not give him any more punishment of that kind, but set him up on a stool for the rest of the afternoon, and said that he should not go out to play for that week. Coreference:","tensor(-17.8438, dtype=torch.float16)","tensor(-17.7031, dtype=torch.float16)",1,"tensor(-17.7500, dtype=torch.float16)","tensor(-17.7188, dtype=torch.float16)",1
28,Joan made sure to thank Susan for all the help she had given.,0,10,Joan,she,166,0,JOAN made sure to thank Susan for all the help SHE had given. Coreference:,"tensor(-17.6562, dtype=torch.float16)","tensor(-17.5312, dtype=torch.float16)",1,"tensor(-16.2656, dtype=torch.float16)","tensor(-16.2344, dtype=torch.float16)",1
29,Kirilov ceded the presidency to Shatov because he was less popular.,5,7,Shatov,he,152,0,Kirilov ceded the presidency to SHATOV because HE was less popular. Coreference:,"tensor(-18.5000, dtype=torch.float16)","tensor(-18.4219, dtype=torch.float16)",1,"tensor(-17.8438, dtype=torch.float16)","tensor(-17.8750, dtype=torch.float16)",0
30,Mark heard Steve 's feet going down the ladder. The door of the shop closed after him. He ran to look out the window.,2,17,Steve,He,511,0,Mark heard STEVE 's feet going down the ladder. The door of the shop closed after him. HE ran to look out the window. Coreference:,"tensor(-18.3906, dtype=torch.float16)","tensor(-18.2812, dtype=torch.float16)",1,"tensor(-16.9688, dtype=torch.float16)","tensor(-16.9531, dtype=torch.float16)",1
31,"Adam can't leave work here until Bob arrives to replace him. If Bob had left home for work on time, he would be here by this time.",0,20,Adam,he,343,0,"ADAM can't leave work here until Bob arrives to replace him. If Bob had left home for work on time, HE would be here by this time. Coreference:","tensor(-18.9062, dtype=torch.float16)","tensor(-18.8125, dtype=torch.float16)",1,"tensor(-18.0938, dtype=torch.float16)","tensor(-18.0938, dtype=torch.float16)",0
32,"During a game of tag, Ethan chased Luke because he was ""it"".",7,9,Luke,he,113,0,"During a game of tag, Ethan chased LUKE because HE was ""it"". Coreference:","tensor(-19.2500, dtype=torch.float16)","tensor(-19.1562, dtype=torch.float16)",1,"tensor(-18.5625, dtype=torch.float16)","tensor(-18.5938, dtype=torch.float16)",0
33,"I saw Jim yelling at some guy in a military uniform with a huge red beard. I don't know why he was, but he looked very unhappy.",2,20,Jim,he,326,1,"I saw JIM yelling at some guy in a military uniform with a huge red beard. I don't know why HE was, but he looked very unhappy. Coreference:","tensor(-17.3750, dtype=torch.float16)","tensor(-17.2656, dtype=torch.float16)",1,"tensor(-15.9688, dtype=torch.float16)","tensor(-15.9375, dtype=torch.float16)",1
34,"The journalists interviewed the stars of the new movie. They were very cooperative, so the interview lasted for a long time.",3,9,The stars,They,273,1,"The journalists interviewed THE stars of the new movie. THEY were very cooperative, so the interview lasted for a long time. Coreference:","tensor(-18.4062, dtype=torch.float16)","tensor(-18.2969, dtype=torch.float16)",1,"tensor(-17.5312, dtype=torch.float16)","tensor(-17.4844, dtype=torch.float16)",1
35,Tom threw his schoolbag down to Ray after he reached the bottom of the stairs.,6,8,Ray,he,312,1,Tom threw his schoolbag down to RAY after HE reached the bottom of the stairs. Coreference:,"tensor(-18.9375, dtype=torch.float16)","tensor(-18.7812, dtype=torch.float16)",1,"tensor(-18.0156, dtype=torch.float16)","tensor(-17.9531, dtype=torch.float16)",1
36,"Sir Clifford wants me to find him a new groom , about twenty or twenty-one, who knows his business. His old coachman is getting feeble, and he wants a man to work with him and get into his ways, who would be able, when the old man was pensioned off, to step into his place",8,53,new groom,his,24,0,"Sir Clifford wants me to find him a NEW groom , about twenty or twenty-one, who knows his business. His old coachman is getting feeble, and he wants a man to work with him and get into his ways, who would be able, when the old man was pensioned off, to step into HIS place Coreference:","tensor(-16.5938, dtype=torch.float16)","tensor(-16.4688, dtype=torch.float16)",1,"tensor(-15.1719, dtype=torch.float16)","tensor(-15.1328, dtype=torch.float16)",1
37,"Bob paid for Charlie 's college education, but now Charlie acts as though it never happened. He is very hurt.",0,16,Bob,He,8,1,"BOB paid for Charlie 's college education, but now Charlie acts as though it never happened. HE is very hurt. Coreference:","tensor(-18.8750, dtype=torch.float16)","tensor(-18.7500, dtype=torch.float16)",1,"tensor(-17.5000, dtype=torch.float16)","tensor(-17.4844, dtype=torch.float16)",1
38,Emma did not pass the ball to Janie although she was open.,7,9,Janie,she,10,1,Emma did not pass the ball to JANIE although SHE was open. Coreference:,"tensor(-18.2188, dtype=torch.float16)","tensor(-18.0938, dtype=torch.float16)",1,"tensor(-17., dtype=torch.float16)","tensor(-17.0781, dtype=torch.float16)",0
39,"Fred covered his eyes with his hands , because the wind was blowing sand around. He opened them when the wind stopped.",5,17,His hands,them,519,0,"Fred covered his eyes with HIS hands , because the wind was blowing sand around. He opened THEM when the wind stopped. Coreference:","tensor(-19.0312, dtype=torch.float16)","tensor(-18.9375, dtype=torch.float16)",1,"tensor(-17.2344, dtype=torch.float16)","tensor(-17.2344, dtype=torch.float16)",0
40,"Jane knocked on the door, and Susan answered it. She invited her to come out.",6,9,Susan,She,268,0,"Jane knocked on the door, and SUSAN answered it. SHE invited her to come out. Coreference:","tensor(-17.5938, dtype=torch.float16)","tensor(-17.4375, dtype=torch.float16)",1,"tensor(-15.5156, dtype=torch.float16)","tensor(-15.4844, dtype=torch.float16)",1
41,Mama came over and sat down beside Alice . Gently she stroked her hair and let the child weep.,0,10,Mama,she,491,1,MAMA came over and sat down beside Alice . Gently SHE stroked her hair and let the child weep. Coreference:,"tensor(-18.1875, dtype=torch.float16)","tensor(-18.0625, dtype=torch.float16)",1,"tensor(-16.2344, dtype=torch.float16)","tensor(-16.2188, dtype=torch.float16)",1
42,"The sack of potatoes had been placed below the bag of flour , so it had to be moved first.",8,14,The bag of flour,it,172,1,"The sack of potatoes had been placed below THE bag of flour , so IT had to be moved first. Coreference:","tensor(-18.2031, dtype=torch.float16)","tensor(-18.1094, dtype=torch.float16)",1,"tensor(-17.3438, dtype=torch.float16)","tensor(-17.3438, dtype=torch.float16)",0
43,This book introduced Shakespeare to Ovid ; it was a major influence on his writing.,5,13,Ovid,his,513,0,This book introduced Shakespeare to OVID ; it was a major influence on HIS writing. Coreference:,"tensor(-18.4062, dtype=torch.float16)","tensor(-18.2812, dtype=torch.float16)",1,"tensor(-17.1250, dtype=torch.float16)","tensor(-17.0938, dtype=torch.float16)",1
44,"Sergeant Holmes asked the girls to describe the intruder . Nancy not only provided the policeman with an excellent description of the heavyset thirty-year-old prowler, but drew a rough sketch of his face.",0,31,Sergeant Holmes,his,248,0,"SERGEANT Holmes asked the girls to describe the intruder . Nancy not only provided the policeman with an excellent description of the heavyset thirty-year-old prowler, but drew a rough sketch of HIS face. Coreference:","tensor(-16.9688, dtype=torch.float16)","tensor(-16.8438, dtype=torch.float16)",1,"tensor(-15.2812, dtype=torch.float16)","tensor(-15.2344, dtype=torch.float16)",1
45,"The older students were bullying the younger ones, so we punished them .",0,11,The older students,them,230,1,"THE older students were bullying the younger ones, so we punished THEM . Coreference:","tensor(-18.1562, dtype=torch.float16)","tensor(-18.0625, dtype=torch.float16)",1,"tensor(-17.5781, dtype=torch.float16)","tensor(-17.6562, dtype=torch.float16)",0
46,"The boy continued to whip the pony , and eventually the pony threw him over. John laughed out quite loud. ""Served him right,"" he said.",6,21,pony,him,27,0,"The boy continued to whip the PONY , and eventually the pony threw him over. John laughed out quite loud. ""Served HIM right,"" he said. Coreference:","tensor(-18.0312, dtype=torch.float16)","tensor(-17.9062, dtype=torch.float16)",1,"tensor(-17.2188, dtype=torch.float16)","tensor(-17.2031, dtype=torch.float16)",1
47,"Mark was close to Mr. Singer 's heels. He heard him calling for the captain , promising him, in the jargon everyone talked that night, that not one thing should be damaged on the ship except only the ammunition, but the captain and all his crew had best stay in the cabin until the work was over.",0,44,Mark,his,61,0,"MARK was close to Mr. Singer 's heels. He heard him calling for the captain , promising him, in the jargon everyone talked that night, that not one thing should be damaged on the ship except only the ammunition, but the captain and all HIS crew had best stay in the cabin until the work was over. Coreference:","tensor(-17.6562, dtype=torch.float16)","tensor(-17.5156, dtype=torch.float16)",1,"tensor(-16.6250, dtype=torch.float16)","tensor(-16.5625, dtype=torch.float16)",1
48,The trophy doesn't fit into the brown suitcase because it is too large.,0,9,the trophy,it,210,1,THE trophy doesn't fit into the brown suitcase because IT is too large. Coreference:,"tensor(-17.6719, dtype=torch.float16)","tensor(-17.5625, dtype=torch.float16)",1,"tensor(-16.9531, dtype=torch.float16)","tensor(-16.9688, dtype=torch.float16)",0
49,Jim signaled the barman and gestured toward his empty glass,2,7,The barman,his,165,0,Jim signaled THE barman and gestured toward HIS empty glass Coreference:,"tensor(-17.9062, dtype=torch.float16)","tensor(-17.7812, dtype=torch.float16)",1,"tensor(-16.4062, dtype=torch.float16)","tensor(-16.4219, dtype=torch.float16)",0
50,"Stretching her back, the woman smiled at the girl .",3,1,The woman,her,163,1,"Stretching her back, THE HER back, the woman smiled at the girl . Coreference:","tensor(-18.3750, dtype=torch.float16)","tensor(-18.2500, dtype=torch.float16)",1,"tensor(-17.5000, dtype=torch.float16)","tensor(-17.5625, dtype=torch.float16)",0
51,"As Andrea in the crop duster passed over Susan , she could see the landing strip.",1,10,Andrea,she,279,1,"As ANDREA in the crop duster passed over Susan , SHE could see the landing strip. Coreference:","tensor(-17.6250, dtype=torch.float16)","tensor(-17.4688, dtype=torch.float16)",1,"tensor(-15.4766, dtype=torch.float16)","tensor(-15.4531, dtype=torch.float16)",1
52,"The cat was lying by the mouse hole waiting for the mouse , but it was too cautious.",0,14,The cat,it,39,0,"THE cat was lying by the mouse hole waiting for the mouse , but IT was too cautious. Coreference:","tensor(-18.9688, dtype=torch.float16)","tensor(-18.8750, dtype=torch.float16)",1,"tensor(-17.6562, dtype=torch.float16)","tensor(-17.6875, dtype=torch.float16)",0
53,The woman held the girl against her chest,0,6,The woman,her,542,1,THE woman held the girl against HER chest Coreference:,"tensor(-18.5938, dtype=torch.float16)","tensor(-18.5000, dtype=torch.float16)",1,"tensor(-16.7031, dtype=torch.float16)","tensor(-16.8281, dtype=torch.float16)",0
54,"Our mistress hired a room for my crippled sister Nelly , and she gave her knitting and needlework when she was able to do it, and when she was ill she sent her dinners and many nice comfortable things and was like a mother to her.",1,30,mistress,she,516,1,"Our MISTRESS hired a room for my crippled sister Nelly , and she gave her knitting and needlework when she was able to do it, and when she was ill SHE sent her dinners and many nice comfortable things and was like a mother to her. Coreference:","tensor(-17.9062, dtype=torch.float16)","tensor(-17.7500, dtype=torch.float16)",1,"tensor(-16.8281, dtype=torch.float16)","tensor(-16.7656, dtype=torch.float16)",1
55,"Archaeologists have concluded that humans lived in Laputa 20,000 years ago. They hunted for deer on the river banks.",0,11,Archaeologists,They,124,0,"ARCHAEOLOGISTS have concluded that humans lived in Laputa 20,000 years ago. THEY hunted for deer on the river banks. Coreference:","tensor(-16.7969, dtype=torch.float16)","tensor(-16.6719, dtype=torch.float16)",1,"tensor(-15.4219, dtype=torch.float16)","tensor(-15.3750, dtype=torch.float16)",1
56,"The sack of potatoes had been placed below the bag of flour , so it had to be moved first.",0,14,The sack of potatoes,it,526,0,"THE sack of potatoes had been placed below the bag of flour , so IT had to be moved first. Coreference:","tensor(-18.3125, dtype=torch.float16)","tensor(-18.2031, dtype=torch.float16)",1,"tensor(-17.7812, dtype=torch.float16)","tensor(-17.7656, dtype=torch.float16)",1
57,"Our mistress hired a room for my crippled sister Nelly , and she gave her knitting and needlework when she was able to do it, and when she was ill she sent her dinners and many nice comfortable things and was like a mother to her.",9,19,Nelly,she,382,1,"Our mistress hired a room for my crippled sister NELLY , and she gave her knitting and needlework when SHE was able to do it, and when she was ill she sent her dinners and many nice comfortable things and was like a mother to her. Coreference:","tensor(-18.1250, dtype=torch.float16)","tensor(-17.9688, dtype=torch.float16)",1,"tensor(-17.4531, dtype=torch.float16)","tensor(-17.3906, dtype=torch.float16)",1
58,Tom threw his schoolbag down to Ray after he reached the top of the stairs.,6,8,Ray,he,106,0,Tom threw his schoolbag down to RAY after HE reached the top of the stairs. Coreference:,"tensor(-18.9375, dtype=torch.float16)","tensor(-18.7812, dtype=torch.float16)",1,"tensor(-17.9688, dtype=torch.float16)","tensor(-17.8906, dtype=torch.float16)",1
59,"When Mr. Bond , the veterinarian, came to look at the black horse that lay groaning on the grass, he felt him all over, and shook his head; one of his legs was broken.",1,21,Mr. Bond,him,331,0,"When MR. Bond , the veterinarian, came to look at the black horse that lay groaning on the grass, he felt HIM all over, and shook his head; one of his legs was broken. Coreference:","tensor(-17.9219, dtype=torch.float16)","tensor(-17.7812, dtype=torch.float16)",1,"tensor(-16.4531, dtype=torch.float16)","tensor(-16.4062, dtype=torch.float16)",1
60,Mark heard Steve 's feet going down the ladder. The door of the shop closed after him . He ran to look out the window.,2,16,Steve,him,114,1,Mark heard STEVE 's feet going down the ladder. The door of the shop closed after HIM . He ran to look out the window. Coreference:,"tensor(-18.7656, dtype=torch.float16)","tensor(-18.6562, dtype=torch.float16)",1,"tensor(-17.6875, dtype=torch.float16)","tensor(-17.6562, dtype=torch.float16)",1
61,"Mark was close to Mr. Singer 's heels. He heard him calling for the captain , promising him, in the jargon everyone talked that night, that not one thing should be damaged on the ship except only the ammunition, but the captain and all his crew had best stay in the cabin until the work was over.",13,44,the captain,his,355,1,"Mark was close to Mr. Singer 's heels. He heard him calling for THE captain , promising him, in the jargon everyone talked that night, that not one thing should be damaged on the ship except only the ammunition, but the captain and all HIS crew had best stay in the cabin until the work was over. Coreference:","tensor(-17.6875, dtype=torch.float16)","tensor(-17.5469, dtype=torch.float16)",1,"tensor(-16.3750, dtype=torch.float16)","tensor(-16.3438, dtype=torch.float16)",1
62,"Bob was playing cards with Adam and was way ahead. If Adam hadn't had a sudden run of good luck, he would have lost.",5,20,Adam,he,358,1,"Bob was playing cards with ADAM and was way ahead. If Adam hadn't had a sudden run of good luck, HE would have lost. Coreference:","tensor(-18.8125, dtype=torch.float16)","tensor(-18.6875, dtype=torch.float16)",1,"tensor(-18.1406, dtype=torch.float16)","tensor(-18.1250, dtype=torch.float16)",1
63,"Fred is the only man alive who still remembers my father as an infant. When Fred first saw my father , he was twelve years old.",0,21,Fred,he,304,1,"FRED is the only man alive who still remembers my father as an infant. When Fred first saw my father , HE was twelve years old. Coreference:","tensor(-18.8438, dtype=torch.float16)","tensor(-18.7188, dtype=torch.float16)",1,"tensor(-17.7031, dtype=torch.float16)","tensor(-17.6875, dtype=torch.float16)",1
64,The sculpture rolled off the shelf because it wasn't anchored.,4,7,The shelf,it,475,0,The sculpture rolled off THE shelf because IT wasn't anchored. Coreference:,"tensor(-18.5312, dtype=torch.float16)","tensor(-18.4375, dtype=torch.float16)",1,"tensor(-17.2500, dtype=torch.float16)","tensor(-17.3281, dtype=torch.float16)",0
65,The foxes are getting in at night and attacking the chickens . I shall have to guard them .,9,17,The chickens,them,535,1,The foxes are getting in at night and attacking THE chickens . I shall have to guard THEM . Coreference:,"tensor(-17.5469, dtype=torch.float16)","tensor(-17.4844, dtype=torch.float16)",1,"tensor(-16.6875, dtype=torch.float16)","tensor(-16.7344, dtype=torch.float16)",0
66,Anne gave birth to a daughter last month. She is a very charming woman.,0,8,Anne,She,103,1,ANNE gave birth to a daughter last month. SHE is a very charming woman. Coreference:,"tensor(-17.6406, dtype=torch.float16)","tensor(-17.4844, dtype=torch.float16)",1,"tensor(-15.6875, dtype=torch.float16)","tensor(-15.6406, dtype=torch.float16)",1
67,"Even before they reached town , they could hear a sound like corn popping. Dora asked what it was, and Dad said it was firecrackers.",12,17,corn,it,410,0,"Even before they reached town , they could hear a sound like CORN popping. Dora asked what IT was, and Dad said it was firecrackers. Coreference:","tensor(-18.4062, dtype=torch.float16)","tensor(-18.2812, dtype=torch.float16)",1,"tensor(-16.5156, dtype=torch.float16)","tensor(-16.4844, dtype=torch.float16)",1
68,"Sir Clifford wants me to find him a new groom , about twenty or twenty-one, who knows his business. His old coachman is getting feeble, and he wants a man to work with him and get into his ways, who would be able, when the old man was pensioned off, to step into his place",0,53,Sir Clifford,his,474,0,"SIR Clifford wants me to find him a new groom , about twenty or twenty-one, who knows his business. His old coachman is getting feeble, and he wants a man to work with him and get into his ways, who would be able, when the old man was pensioned off, to step into HIS place Coreference:","tensor(-16.7344, dtype=torch.float16)","tensor(-16.5938, dtype=torch.float16)",1,"tensor(-15.0781, dtype=torch.float16)","tensor(-15.0469, dtype=torch.float16)",1
69,"The dog chased the cat , which ran up a tree. It waited at the bottom.",3,11,The cat,It,283,0,"The dog chased THE cat , which ran up a tree. IT waited at the bottom. Coreference:","tensor(-18.7812, dtype=torch.float16)","tensor(-18.6719, dtype=torch.float16)",1,"tensor(-18.2500, dtype=torch.float16)","tensor(-18.2344, dtype=torch.float16)",1
70,"Then he took a piece of iron the shape of the horse horse's foot , and clapped it on, and drove some nails through the shoe quite into its hoof, so that the shoe was firmly on",12,17,horse's foot,it,96,0,"Then he took a piece of iron the shape of the horse HORSE'S foot , and clapped IT on, and drove some nails through the shoe quite into its hoof, so that the shoe was firmly on Coreference:","tensor(-18.1094, dtype=torch.float16)","tensor(-17.9531, dtype=torch.float16)",1,"tensor(-16.4844, dtype=torch.float16)","tensor(-16.4531, dtype=torch.float16)",1
71,"Fred was supposed to run the dishwasher , but he put it off, because he wanted to watch TV. But the show turned out to be boring, so he changed his mind and turned it off.",5,11,The dishwasher,it,155,0,"Fred was supposed to run THE dishwasher , but he put IT off, because he wanted to watch TV. But the show turned out to be boring, so he changed his mind and turned it off. Coreference:","tensor(-18.8594, dtype=torch.float16)","tensor(-18.7656, dtype=torch.float16)",1,"tensor(-17.0625, dtype=torch.float16)","tensor(-17.0625, dtype=torch.float16)",0
72,I put the butterfly wing on the table and it broke.,2,9,The butterfly wing,it,427,1,I put THE butterfly wing on the table and IT broke. Coreference:,"tensor(-18.4688, dtype=torch.float16)","tensor(-18.5000, dtype=torch.float16)",0,"tensor(-15.6562, dtype=torch.float16)","tensor(-16.0938, dtype=torch.float16)",0
73,"In the storm, the tree fell down and crashed through the roof of my house. Now, I have to get it repaired.",3,20,The tree,it,430,0,"In the storm, THE tree fell down and crashed through the roof of my house. Now, I have to get IT repaired. Coreference:","tensor(-18.0781, dtype=torch.float16)","tensor(-17.9844, dtype=torch.float16)",1,"tensor(-16.7969, dtype=torch.float16)","tensor(-16.7969, dtype=torch.float16)",0
74,"The table was piled high with food , and on the floor beside it there were crocks, baskets, and a five-quart pail of milk.",6,13,food,it,176,0,"The table was piled high with FOOD , and on the floor beside IT there were crocks, baskets, and a five-quart pail of milk. Coreference:","tensor(-17.5156, dtype=torch.float16)","tensor(-17.3594, dtype=torch.float16)",1,"tensor(-16.1406, dtype=torch.float16)","tensor(-16.0469, dtype=torch.float16)",1
75,"Fred and Alice had very warm down coats , but they were not prepared for the cold in Alaska.",7,10,coats,they,376,0,"Fred and Alice had very warm down COATS , but THEY were not prepared for the cold in Alaska. Coreference:","tensor(-17.9062, dtype=torch.float16)","tensor(-17.8125, dtype=torch.float16)",1,"tensor(-17.1094, dtype=torch.float16)","tensor(-17.1562, dtype=torch.float16)",0
76,"After a somewhat lengthy conversation, Nancy convinced the housekeeper that there was no immediate cause for alarm. She did not mention the incident at the Hamilton bus station, knowing it would only add to Mrs. Gruen’s uneasiness.",7,17,the housekeeper,She,275,0,"After a somewhat lengthy conversation, Nancy convinced THE housekeeper that there was no immediate cause for alarm. SHE did not mention the incident at the Hamilton bus station, knowing it would only add to Mrs. Gruen’s uneasiness. Coreference:","tensor(-17.4844, dtype=torch.float16)","tensor(-17.3438, dtype=torch.float16)",1,"tensor(-15.9531, dtype=torch.float16)","tensor(-15.9219, dtype=torch.float16)",1
77,Tom gave Ralph a lift to school so he wouldn't have to drive alone.,0,8,Tom,he,189,1,TOM gave Ralph a lift to school so HE wouldn't have to drive alone. Coreference:,"tensor(-18.1719, dtype=torch.float16)","tensor(-18.0469, dtype=torch.float16)",1,"tensor(-16.6875, dtype=torch.float16)","tensor(-16.6562, dtype=torch.float16)",1
78,"If the con artist has succeeded in fooling Sam , he would have gotten a lot of money.",1,10,The con artist,he,26,1,"If THE con artist has succeeded in fooling Sam , HE would have gotten a lot of money. Coreference:","tensor(-19.1406, dtype=torch.float16)","tensor(-19.0625, dtype=torch.float16)",1,"tensor(-17.4062, dtype=torch.float16)","tensor(-17.4219, dtype=torch.float16)",0
79,Of one thing Mark was sure. Harry knew much less than he did.,3,11,Mark,he,455,1,Of one thing MARK was sure. Harry knew much less than HE did. Coreference:,"tensor(-18.3281, dtype=torch.float16)","tensor(-18.1562, dtype=torch.float16)",1,"tensor(-16.2344, dtype=torch.float16)","tensor(-16.1562, dtype=torch.float16)",1
80,Do you suppose that Peter is responsible for the captain ’s illness? Maybe he bribed the cook to put something in his food.,4,21,Peter,his,63,0,Do you suppose that PETER is responsible for the captain ’s illness? Maybe he bribed the cook to put something in HIS food. Coreference:,"tensor(-18.4219, dtype=torch.float16)","tensor(-18.3281, dtype=torch.float16)",1,"tensor(-16.8281, dtype=torch.float16)","tensor(-16.8125, dtype=torch.float16)",1
81,James asked Robert for a favor but he was refused.,2,7,Robert,he,218,0,James asked ROBERT for a favor but HE was refused. Coreference:,"tensor(-18.5156, dtype=torch.float16)","tensor(-18.5156, dtype=torch.float16)",0,"tensor(-16.5000, dtype=torch.float16)","tensor(-16.7812, dtype=torch.float16)",0
82,The firemen arrived after the police because they were coming from so far away.,0,7,The firemen,they,231,1,THE firemen arrived after the police because THEY were coming from so far away. Coreference:,"tensor(-18.1250, dtype=torch.float16)","tensor(-18.0312, dtype=torch.float16)",1,"tensor(-16.2500, dtype=torch.float16)","tensor(-16.2656, dtype=torch.float16)",0
83,"After I saw Bill catching flies and pulling off their wings, I boxed his ears. I showed the master the flies, some crushed and some crawling about helpless, and I showed him the wings on the window sill. I never saw him so angry before; but as Bill was still howling and whining, like the coward that he was, he did not give him any more punishment of that kind, but set him up on a stool for the rest of the afternoon, and said that he should not go out to play for that week.",17,59,the master,he,77,1,"After I saw Bill catching flies and pulling off their wings, I boxed his ears. I showed THE master the flies, some crushed and some crawling about helpless, and I showed him the wings on the window sill. I never saw him so angry before; but as Bill was still howling and whining, like the coward that he was, HE did not give him any more punishment of that kind, but set him up on a stool for the rest of the afternoon, and said that he should not go out to play for that week. Coreference:","tensor(-17.8906, dtype=torch.float16)","tensor(-17.7500, dtype=torch.float16)",1,"tensor(-17.6562, dtype=torch.float16)","tensor(-17.6250, dtype=torch.float16)",1
84,"Mark told Pete many lies about himself, which Pete included in his book. He should have been more skeptical.",2,13,Pete,He,109,1,"Mark told PETE many lies about himself, which Pete included in his book. HE should have been more skeptical. Coreference:","tensor(-18.7031, dtype=torch.float16)","tensor(-18.6406, dtype=torch.float16)",1,"tensor(-17.5312, dtype=torch.float16)","tensor(-17.5781, dtype=torch.float16)",0
85,"Fred and Alice had very warm down coats , but they were not enough for the cold in Alaska.",7,10,coats,they,347,1,"Fred and Alice had very warm down COATS , but THEY were not enough for the cold in Alaska. Coreference:","tensor(-17.8438, dtype=torch.float16)","tensor(-17.7344, dtype=torch.float16)",1,"tensor(-16.9531, dtype=torch.float16)","tensor(-17., dtype=torch.float16)",0
86,"The sun was covered by a thick cloud all morning, but luckily, by the time the picnic started, it was out.",0,18,The sun,it,348,1,"THE sun was covered by a thick cloud all morning, but luckily, by the time the picnic started, IT was out. Coreference:","tensor(-18.8594, dtype=torch.float16)","tensor(-18.7188, dtype=torch.float16)",1,"tensor(-16.7344, dtype=torch.float16)","tensor(-16.7031, dtype=torch.float16)",1
87,Fred is the only man still alive who remembers my great-grandfather . He is a remarkable man.,9,12,My great-grandfather,He,95,0,Fred is the only man still alive who remembers MY great-grandfather . HE is a remarkable man. Coreference:,"tensor(-17.5781, dtype=torch.float16)","tensor(-17.4688, dtype=torch.float16)",1,"tensor(-16.7500, dtype=torch.float16)","tensor(-16.7188, dtype=torch.float16)",1
88,The man couldn't lift his son because he was so heavy.,0,7,The man,he,400,0,THE man couldn't lift his son because HE was so heavy. Coreference:,"tensor(-18.2812, dtype=torch.float16)","tensor(-18.2188, dtype=torch.float16)",1,"tensor(-16.4688, dtype=torch.float16)","tensor(-16.6406, dtype=torch.float16)",0
89,"Our mistress hired a room for my crippled sister Nelly , and she gave her knitting and needlework when she was able to do it, and when she was ill she sent her dinners and many nice comfortable things and was like a mother to her.",9,14,Nelly,her,374,1,"Our mistress hired a room for my crippled sister NELLY , and she gave HER knitting and needlework when she was able to do it, and when she was ill she sent her dinners and many nice comfortable things and was like a mother to her. Coreference:","tensor(-18.1094, dtype=torch.float16)","tensor(-17.9688, dtype=torch.float16)",1,"tensor(-17.3594, dtype=torch.float16)","tensor(-17.2969, dtype=torch.float16)",1
90,"When Tatyana reached the cabin, her mother was sleeping. She was careful not to disturb her, undressing and climbing back into her berth.",6,21,mother,her,116,0,"When Tatyana reached the cabin, her MOTHER was sleeping. She was careful not to disturb her, undressing and climbing back into HER berth. Coreference:","tensor(-17.9844, dtype=torch.float16)","tensor(-17.8750, dtype=torch.float16)",1,"tensor(-16.2031, dtype=torch.float16)","tensor(-16.1719, dtype=torch.float16)",1
91,So Mark slept. It was daylight when he woke with Warren 's hand upon his shoulder.,1,14,Mark,his,292,1,So MARK slept. It was daylight when he woke with Warren 's hand upon HIS shoulder. Coreference:,"tensor(-17.7656, dtype=torch.float16)","tensor(-17.6562, dtype=torch.float16)",1,"tensor(-16.1562, dtype=torch.float16)","tensor(-16.1250, dtype=torch.float16)",1
92,"George got free tickets to the play, but he gave them to Eric , even though he was particularly eager to see it.",12,16,Eric,he,243,0,"George got free tickets to the play, but he gave them to ERIC , even though HE was particularly eager to see it. Coreference:","tensor(-18.6875, dtype=torch.float16)","tensor(-18.5781, dtype=torch.float16)",1,"tensor(-17.4531, dtype=torch.float16)","tensor(-17.4375, dtype=torch.float16)",1
93,"After I saw Bill catching flies and pulling off their wings, I boxed his ears. I showed the master the flies, some crushed and some crawling about helpless, and I showed him the wings on the window sill. I never saw him so angry before; but as Bill was still howling and whining, like the coward that he was, he did not give him any more punishment of that kind, but set him up on a stool for the rest of the afternoon, and said that he should not go out to play for that week.",3,72,Bill,him,426,1,"After I saw BILL catching flies and pulling off their wings, I boxed his ears. I showed the master the flies, some crushed and some crawling about helpless, and I showed him the wings on the window sill. I never saw him so angry before; but as Bill was still howling and whining, like the coward that he was, he did not give him any more punishment of that kind, but set HIM up on a stool for the rest of the afternoon, and said that he should not go out to play for that week. Coreference:","tensor(-17.9375, dtype=torch.float16)","tensor(-17.7969, dtype=torch.float16)",1,"tensor(-17.6094, dtype=torch.float16)","tensor(-17.5625, dtype=torch.float16)",1
94,"The pony behaved well, sir, and showed no vice; but at last he just threw up his heels and tipped the young gentleman into the thorn hedge. He wanted me to help him out, but I hope you will excuse me, sir, I did not feel inclined to do so.",21,32,young gentleman,him,448,1,"The pony behaved well, sir, and showed no vice; but at last he just threw up his heels and tipped the YOUNG gentleman into the thorn hedge. He wanted me to help HIM out, but I hope you will excuse me, sir, I did not feel inclined to do so. Coreference:","tensor(-17.8125, dtype=torch.float16)","tensor(-17.6719, dtype=torch.float16)",1,"tensor(-16.5938, dtype=torch.float16)","tensor(-16.5469, dtype=torch.float16)",1
95,"Then he took a piece of iron the shape of the horse horse's foot , and clapped it on, and drove some nails through the shoe quite into its hoof, so that the shoe was firmly on",4,17,piece of iron,it,154,1,"Then he took a PIECE of iron the shape of the horse horse's foot , and clapped IT on, and drove some nails through the shoe quite into its hoof, so that the shoe was firmly on Coreference:","tensor(-17.5938, dtype=torch.float16)","tensor(-17.4375, dtype=torch.float16)",1,"tensor(-16.2812, dtype=torch.float16)","tensor(-16.2656, dtype=torch.float16)",1
96,Carol believed that Rebecca suspected that she had stolen the watch.,3,6,Rebecca,she,477,0,Carol believed that REBECCA suspected that SHE had stolen the watch. Coreference:,"tensor(-18.2500, dtype=torch.float16)","tensor(-18.1562, dtype=torch.float16)",1,"tensor(-16.5156, dtype=torch.float16)","tensor(-16.5625, dtype=torch.float16)",0
97,"The mothers of Arthur and Celeste have come to the town to fetch them. They are very happy to have them back, but they scold them just the same because they ran away.",1,23,mothers,they,221,1,"The MOTHERS of Arthur and Celeste have come to the town to fetch them. They are very happy to have them back, but THEY scold them just the same because they ran away. Coreference:","tensor(-18.1562, dtype=torch.float16)","tensor(-18.0469, dtype=torch.float16)",1,"tensor(-16.9062, dtype=torch.float16)","tensor(-16.8906, dtype=torch.float16)",1
98,The man lifted the boy onto his shoulders.,0,6,The man,his,313,1,THE man lifted the boy onto HIS shoulders. Coreference:,"tensor(-17.6562, dtype=torch.float16)","tensor(-17.3906, dtype=torch.float16)",1,"tensor(-16.9688, dtype=torch.float16)","tensor(-16.5625, dtype=torch.float16)",1
99,John hired him self out to Bill to take care of him .,6,2,Bill,him,432,1,John hired him self out to BILL HIM self out to Bill to take care of him . Coreference:,"tensor(-19.4531, dtype=torch.float16)","tensor(-19.3125, dtype=torch.float16)",1,"tensor(-17.4219, dtype=torch.float16)","tensor(-17.4531, dtype=torch.float16)",0
100,"It was a summer afternoon, and the dog was sitting in the middle of the lawn. After a while, it got up and moved to a spot under the tree, because it was hot.",6,31,The dog,it,407,1,"It was a summer afternoon, and THE dog was sitting in the middle of the lawn. After a while, it got up and moved to a spot under the tree, because IT was hot. Coreference:","tensor(-18.6562, dtype=torch.float16)","tensor(-18.5312, dtype=torch.float16)",1,"tensor(-17.0469, dtype=torch.float16)","tensor(-17.0312, dtype=torch.float16)",1
101,"My master and mistress decided to pay a visit to some friends who lived about forty-six miles from our home, and James was to drive them .",1,25,master and mistress,them,86,1,"My MASTER and mistress decided to pay a visit to some friends who lived about forty-six miles from our home, and James was to drive THEM . Coreference:","tensor(-18.1562, dtype=torch.float16)","tensor(-18., dtype=torch.float16)",1,"tensor(-16.3125, dtype=torch.float16)","tensor(-16.2812, dtype=torch.float16)",1
102,Susan knows all about Ann 's personal problems because she is nosy.,0,9,Susan,she,48,1,SUSAN knows all about Ann 's personal problems because SHE is nosy. Coreference:,"tensor(-18.0938, dtype=torch.float16)","tensor(-17.9844, dtype=torch.float16)",1,"tensor(-16.7188, dtype=torch.float16)","tensor(-16.7031, dtype=torch.float16)",1
103,Jane knocked on Susan 's door but she did not answer.,0,7,Jane,she,88,0,JANE knocked on Susan 's door but SHE did not answer. Coreference:,"tensor(-17.8281, dtype=torch.float16)","tensor(-17.6875, dtype=torch.float16)",1,"tensor(-15.5469, dtype=torch.float16)","tensor(-15.6094, dtype=torch.float16)",0
104,Mama came over and sat down beside Alice . Gently she stroked her hair and let the child weep.,0,12,Mama,her,350,0,MAMA came over and sat down beside Alice . Gently she stroked HER hair and let the child weep. Coreference:,"tensor(-18.3281, dtype=torch.float16)","tensor(-18.2031, dtype=torch.float16)",1,"tensor(-16.1875, dtype=torch.float16)","tensor(-16.1719, dtype=torch.float16)",1
105,Sam Goodman 's biography of the Spartan general Xenophanes conveys a vivid sense of the difficulties he faced in his childhood.,8,16,Xenophanes,he,195,1,Sam Goodman 's biography of the Spartan general XENOPHANES conveys a vivid sense of the difficulties HE faced in his childhood. Coreference:,"tensor(-17.9688, dtype=torch.float16)","tensor(-17.8281, dtype=torch.float16)",1,"tensor(-16.6875, dtype=torch.float16)","tensor(-16.6406, dtype=torch.float16)",1
106,"Babar wonders how he can get new clothing. Luckily, a very rich old man who has always been fond of little elephants understands right away that he is longing for a fine suit. As he likes to make people happy, he gives him his wallet.",0,40,Babar,he,246,0,"BABAR wonders how he can get new clothing. Luckily, a very rich old man who has always been fond of little elephants understands right away that he is longing for a fine suit. As he likes to make people happy, HE gives him his wallet. Coreference:","tensor(-18.3438, dtype=torch.float16)","tensor(-18.2031, dtype=torch.float16)",1,"tensor(-17.6562, dtype=torch.float16)","tensor(-17.6250, dtype=torch.float16)",1
107,The foxes are getting in at night and attacking the chickens . I shall have to kill them .,9,17,The chickens,them,395,0,The foxes are getting in at night and attacking THE chickens . I shall have to kill THEM . Coreference:,"tensor(-17.4531, dtype=torch.float16)","tensor(-17.3750, dtype=torch.float16)",1,"tensor(-16.2812, dtype=torch.float16)","tensor(-16.3438, dtype=torch.float16)",0
108,Jim yelled at Kevin because he was so upset.,0,5,Jim,he,439,1,JIM yelled at Kevin because HE was so upset. Coreference:,"tensor(-18.4688, dtype=torch.float16)","tensor(-18.3750, dtype=torch.float16)",1,"tensor(-15.6875, dtype=torch.float16)","tensor(-15.8281, dtype=torch.float16)",0
109,John couldn't see the stage with Billy in front of him because he is so short.,0,12,John,he,390,1,JOHN couldn't see the stage with Billy in front of him because HE is so short. Coreference:,"tensor(-18.7500, dtype=torch.float16)","tensor(-18.6094, dtype=torch.float16)",1,"tensor(-17.7500, dtype=torch.float16)","tensor(-17.7344, dtype=torch.float16)",1
110,"Pam's parents came home and found her having sex with her boyfriend, Paul. They were furious about it.",0,13,Pam's parents,They,7,1,"PAM'S parents came home and found her having sex with her boyfriend, Paul. THEY were furious about it. Coreference:","tensor(-18.3750, dtype=torch.float16)","tensor(-18.2812, dtype=torch.float16)",1,"tensor(-17.1250, dtype=torch.float16)","tensor(-17.1250, dtype=torch.float16)",0
111,"When the sponsors of the bill got to the town hall, they were surprised to find that the room was full of opponents. They were very much in the majority.",1,23,The sponsors,They,269,0,"When THE sponsors of the bill got to the town hall, they were surprised to find that the room was full of opponents. THEY were very much in the majority. Coreference:","tensor(-18.1250, dtype=torch.float16)","tensor(-18., dtype=torch.float16)",1,"tensor(-16.6875, dtype=torch.float16)","tensor(-16.6250, dtype=torch.float16)",1
112,The fish ate the worm . It was tasty.,0,6,The fish,It,42,0,THE fish ate the worm . IT was tasty. Coreference:,"tensor(-17.7188, dtype=torch.float16)","tensor(-17.6562, dtype=torch.float16)",1,"tensor(-16.7188, dtype=torch.float16)","tensor(-16.8750, dtype=torch.float16)",0
113,Bill passed the gameboy to John because his turn was over.,0,7,Bill,his,105,1,BILL passed the gameboy to John because HIS turn was over. Coreference:,"tensor(-19.5469, dtype=torch.float16)","tensor(-19.4531, dtype=torch.float16)",1,"tensor(-17.1875, dtype=torch.float16)","tensor(-17.2656, dtype=torch.float16)",0
114,"The mothers of Arthur and Celeste have come to the town to fetch them. They are very happy to have them back, but they scold them just the same because they ran away.",1,14,mothers,They,162,1,"The MOTHERS of Arthur and Celeste have come to the town to fetch them. THEY are very happy to have them back, but they scold them just the same because they ran away. Coreference:","tensor(-18.1094, dtype=torch.float16)","tensor(-18., dtype=torch.float16)",1,"tensor(-16.8594, dtype=torch.float16)","tensor(-16.8438, dtype=torch.float16)",1
115,"Babar wonders how he can get new clothing. Luckily, a very rich old man who has always been fond of little elephants understands right away that he is longing for a fine suit. As he likes to make people happy, he gives him his wallet.",12,42,old man,him,494,0,"Babar wonders how he can get new clothing. Luckily, a very rich OLD man who has always been fond of little elephants understands right away that he is longing for a fine suit. As he likes to make people happy, he gives HIM his wallet. Coreference:","tensor(-18.2188, dtype=torch.float16)","tensor(-18.0938, dtype=torch.float16)",1,"tensor(-17.4375, dtype=torch.float16)","tensor(-17.3906, dtype=torch.float16)",1
116,Sara borrowed the book from the library because she needs it for an article she is working on. She reads it when she gets home from work.,2,10,The book,it,334,1,Sara borrowed THE book from the library because she needs IT for an article she is working on. She reads it when she gets home from work. Coreference:,"tensor(-18.9062, dtype=torch.float16)","tensor(-18.8125, dtype=torch.float16)",1,"tensor(-17.2812, dtype=torch.float16)","tensor(-17.2656, dtype=torch.float16)",1
117,"Fred and Alice had very warm down coats , but they were not prepared for the cold in Alaska.",0,10,Fred and Alice,they,552,1,"FRED and Alice had very warm down coats , but THEY were not prepared for the cold in Alaska. Coreference:","tensor(-17.8438, dtype=torch.float16)","tensor(-17.7500, dtype=torch.float16)",1,"tensor(-16.8750, dtype=torch.float16)","tensor(-16.9375, dtype=torch.float16)",0
118,"Sam took French classes from Adam , because he was known to speak it fluently.",5,8,Adam,he,228,1,"Sam took French classes from ADAM , because HE was known to speak it fluently. Coreference:","tensor(-17.9219, dtype=torch.float16)","tensor(-17.8281, dtype=torch.float16)",1,"tensor(-17.0938, dtype=torch.float16)","tensor(-17.1406, dtype=torch.float16)",0
119,Anna did a lot worse than her good friend Lucy on the test because she had studied so hard.,0,14,Anna,she,251,0,ANNA did a lot worse than her good friend Lucy on the test because SHE had studied so hard. Coreference:,"tensor(-18.2188, dtype=torch.float16)","tensor(-18.1094, dtype=torch.float16)",1,"tensor(-17.0312, dtype=torch.float16)","tensor(-17.0312, dtype=torch.float16)",0
120,"During a game of tag, Ethan chased Luke because he was ""it"".",5,9,Ethan,he,119,1,"During a game of tag, ETHAN chased Luke because HE was ""it"". Coreference:","tensor(-19.1094, dtype=torch.float16)","tensor(-19.0312, dtype=torch.float16)",1,"tensor(-18.1094, dtype=torch.float16)","tensor(-18.1250, dtype=torch.float16)",0
121,"Dan took the rear seat while Bill claimed the front because his ""Dibs!"" was slow.",6,11,Bill,his,47,0,"Dan took the rear seat while BILL claimed the front because HIS ""Dibs!"" was slow. Coreference:","tensor(-18.2188, dtype=torch.float16)","tensor(-18.0625, dtype=torch.float16)",1,"tensor(-17., dtype=torch.float16)","tensor(-16.9375, dtype=torch.float16)",1
122,Joan made sure to thank Susan for all the help she had given.,5,10,Susan,she,20,1,Joan made sure to thank SUSAN for all the help SHE had given. Coreference:,"tensor(-17.5000, dtype=torch.float16)","tensor(-17.3906, dtype=torch.float16)",1,"tensor(-15.9375, dtype=torch.float16)","tensor(-15.9062, dtype=torch.float16)",1
123,"Tatyana managed two guitars and a bag , and still could point out the Freemans : ""Isn't it nice that they have come, Mama!""",2,20,two guitars and a bag,they,353,0,"Tatyana managed TWO guitars and a bag , and still could point out the Freemans : ""Isn't it nice that THEY have come, Mama!"" Coreference:","tensor(-18.0938, dtype=torch.float16)","tensor(-18., dtype=torch.float16)",1,"tensor(-17.5000, dtype=torch.float16)","tensor(-17.5312, dtype=torch.float16)",0
124,Pete envies Martin although he is very successful.,0,4,Pete,he,125,1,PETE envies Martin although HE is very successful. Coreference:,"tensor(-17.5312, dtype=torch.float16)","tensor(-17.5000, dtype=torch.float16)",1,"tensor(-16.2344, dtype=torch.float16)","tensor(-16.1094, dtype=torch.float16)",1
125,Anna did a lot worse than her good friend Lucy on the test because she had studied so hard.,9,14,Lucy,she,364,1,Anna did a lot worse than her good friend LUCY on the test because SHE had studied so hard. Coreference:,"tensor(-18.4531, dtype=torch.float16)","tensor(-18.3438, dtype=torch.float16)",1,"tensor(-17.9375, dtype=torch.float16)","tensor(-17.9375, dtype=torch.float16)",0
126,Emma did not pass the ball to Janie although she saw that she was open.,0,9,Emma,she,211,1,EMMA did not pass the ball to Janie although SHE saw that she was open. Coreference:,"tensor(-18.5469, dtype=torch.float16)","tensor(-18.4375, dtype=torch.float16)",1,"tensor(-17.1250, dtype=torch.float16)","tensor(-17.1094, dtype=torch.float16)",1
127,"Paul tried to call George on the phone, but he wasn't successful.",4,9,George,he,127,0,"Paul tried to call GEORGE on the phone, but HE wasn't successful. Coreference:","tensor(-18.9219, dtype=torch.float16)","tensor(-18.8125, dtype=torch.float16)",1,"tensor(-18.1562, dtype=torch.float16)","tensor(-18.1562, dtype=torch.float16)",0
128,"Grant worked hard to harvest his beans so he and his family would have enough to eat that winter, His friend Henry let him stack them in his barn where they would dry. Later, he and Tatyana would shell them and cook them for their Sunday dinners.",6,25,beans,them,229,1,"Grant worked hard to harvest his BEANS so he and his family would have enough to eat that winter, His friend Henry let him stack THEM in his barn where they would dry. Later, he and Tatyana would shell them and cook them for their Sunday dinners. Coreference:","tensor(-18.5938, dtype=torch.float16)","tensor(-18.4688, dtype=torch.float16)",1,"tensor(-16.4062, dtype=torch.float16)","tensor(-16.3750, dtype=torch.float16)",1
129,"If the con artist has succeeded in fooling Sam , he would have gotten a lot of money.",8,10,Sam,he,342,0,"If the con artist has succeeded in fooling SAM , HE would have gotten a lot of money. Coreference:","tensor(-18.2500, dtype=torch.float16)","tensor(-18.1875, dtype=torch.float16)",1,"tensor(-16.8750, dtype=torch.float16)","tensor(-16.8750, dtype=torch.float16)",0
130,"The boy continued to whip the pony , and eventually the pony threw him over. John laughed out quite loud. ""Served him right,"" he said.",15,21,John,him,93,0,"The boy continued to whip the pony , and eventually the pony threw him over. JOHN laughed out quite loud. ""Served HIM right,"" he said. Coreference:","tensor(-18.3438, dtype=torch.float16)","tensor(-18.2188, dtype=torch.float16)",1,"tensor(-17.9375, dtype=torch.float16)","tensor(-17.9219, dtype=torch.float16)",1
131,"Equally swoon-worthy is C.K. Dexter Haven , a pallid young dandy holding a jade-handled walking stick, with a poodle asleep at his feet",5,21,Haven,his,40,1,"Equally swoon-worthy is C.K. Dexter HAVEN , a pallid young dandy holding a jade-handled walking stick, with a poodle asleep at HIS feet Coreference:","tensor(-17.9688, dtype=torch.float16)","tensor(-17.8438, dtype=torch.float16)",1,"tensor(-16.3438, dtype=torch.float16)","tensor(-16.2969, dtype=torch.float16)",1
132,"Sam took French classes from Adam , because he was known to speak it fluently.",0,8,Sam,he,204,0,"SAM took French classes from Adam , because HE was known to speak it fluently. Coreference:","tensor(-17.8750, dtype=torch.float16)","tensor(-17.7812, dtype=torch.float16)",1,"tensor(-17.4375, dtype=torch.float16)","tensor(-17.5000, dtype=torch.float16)",0
133,Bob paid for Charlie 's college education. He is very generous.,3,7,Charlie,He,58,0,Bob paid for CHARLIE 's college education. HE is very generous. Coreference:,"tensor(-18.0938, dtype=torch.float16)","tensor(-18.0156, dtype=torch.float16)",1,"tensor(-17.2344, dtype=torch.float16)","tensor(-17.2344, dtype=torch.float16)",0
134,"Bob paid for Charlie 's college education, but now Charlie acts as though it never happened. He is very ungrateful.",3,16,Charlie,He,117,1,"Bob paid for CHARLIE 's college education, but now Charlie acts as though it never happened. HE is very ungrateful. Coreference:","tensor(-18.7500, dtype=torch.float16)","tensor(-18.6250, dtype=torch.float16)",1,"tensor(-17.1094, dtype=torch.float16)","tensor(-17.0938, dtype=torch.float16)",1
135,Sam's drawing was hung just above Tina's and it did look much better with another one below it.,0,8,Sam's drawing,it,11,1,SAM'S drawing was hung just above Tina's and IT did look much better with another one below it. Coreference:,"tensor(-17.5156, dtype=torch.float16)","tensor(-17.3906, dtype=torch.float16)",1,"tensor(-16.5156, dtype=torch.float16)","tensor(-16.5000, dtype=torch.float16)",1
136,"Equally swoon-worthy is C.K. Dexter Haven , a pallid young dandy holding a jade-handled walking stick, with a poodle asleep at his feet",18,21,poodle,his,418,0,"Equally swoon-worthy is C.K. Dexter Haven , a pallid young dandy holding a jade-handled walking stick, with a POODLE asleep at HIS feet Coreference:","tensor(-17.9844, dtype=torch.float16)","tensor(-17.8438, dtype=torch.float16)",1,"tensor(-16.6406, dtype=torch.float16)","tensor(-16.5938, dtype=torch.float16)",1
137,Of one thing Mark was sure. Harry knew much less than he did.,6,11,Harry,he,70,0,Of one thing Mark was sure. HARRY knew much less than HE did. Coreference:,"tensor(-18.3750, dtype=torch.float16)","tensor(-18.2188, dtype=torch.float16)",1,"tensor(-17.0312, dtype=torch.float16)","tensor(-17., dtype=torch.float16)",1
138,This book introduced Shakespeare to Goethe ; it was a fine selection of his writing.,3,13,Shakespeare,his,366,1,This book introduced SHAKESPEARE to Goethe ; it was a fine selection of HIS writing. Coreference:,"tensor(-18.2500, dtype=torch.float16)","tensor(-18.0938, dtype=torch.float16)",1,"tensor(-16.5938, dtype=torch.float16)","tensor(-16.5312, dtype=torch.float16)",1
139,Sam Goodman 's biography of the Spartan general Xenophanes conveys a vivid sense of the difficulties he faced in his research.,1,16,Goodman,he,171,1,Sam GOODMAN 's biography of the Spartan general Xenophanes conveys a vivid sense of the difficulties HE faced in his research. Coreference:,"tensor(-17.7812, dtype=torch.float16)","tensor(-17.6562, dtype=torch.float16)",1,"tensor(-16.4062, dtype=torch.float16)","tensor(-16.3750, dtype=torch.float16)",1
140,The sculpture rolled off the shelf because it wasn't level.,4,7,The shelf,it,123,1,The sculpture rolled off THE shelf because IT wasn't level. Coreference:,"tensor(-18.3594, dtype=torch.float16)","tensor(-18.2656, dtype=torch.float16)",1,"tensor(-16.8438, dtype=torch.float16)","tensor(-16.9688, dtype=torch.float16)",0
141,Carol believed that Rebecca regretted that she had stolen the watch.,0,6,Carol,she,291,0,CAROL believed that Rebecca regretted that SHE had stolen the watch. Coreference:,"tensor(-18.1562, dtype=torch.float16)","tensor(-18.0625, dtype=torch.float16)",1,"tensor(-16.3125, dtype=torch.float16)","tensor(-16.3125, dtype=torch.float16)",0
142,"Our mistress hired a room for my crippled sister Nelly , and she gave her knitting and needlework when she was able to do it, and when she was ill she sent her dinners and many nice comfortable things and was like a mother to her.",9,32,Nelly,her,209,1,"Our mistress hired a room for my crippled sister NELLY , and she gave her knitting and needlework when she was able to do it, and when she was ill she sent HER dinners and many nice comfortable things and was like a mother to her. Coreference:","tensor(-18.1719, dtype=torch.float16)","tensor(-18.0312, dtype=torch.float16)",1,"tensor(-17.5156, dtype=torch.float16)","tensor(-17.4531, dtype=torch.float16)",1
143,"Ann asked Mary what time the library closes, because she had forgotten.",0,9,Ann,she,284,1,"ANN asked Mary what time the library closes, because SHE had forgotten. Coreference:","tensor(-19.5938, dtype=torch.float16)","tensor(-19.5000, dtype=torch.float16)",1,"tensor(-19.1250, dtype=torch.float16)","tensor(-19.1250, dtype=torch.float16)",0
144,Jane knocked on Susan 's door but she did not get an answer.,0,7,Jane,she,443,1,JANE knocked on Susan 's door but SHE did not get an answer. Coreference:,"tensor(-17.7969, dtype=torch.float16)","tensor(-17.6719, dtype=torch.float16)",1,"tensor(-15.7969, dtype=torch.float16)","tensor(-15.8203, dtype=torch.float16)",0
145,"It is not easy to space buttonholes exactly the same distance apart, and it is very difficult to cut them precisely the right size . The tiniest slip of the scissors will make the hole too large, and even one thread uncut will leave it too small.",33,44,the hole,it,314,1,"It is not easy to space buttonholes exactly the same distance apart, and it is very difficult to cut them precisely the right size . The tiniest slip of the scissors will make THE hole too large, and even one thread uncut will leave IT too small. Coreference:","tensor(-17.7969, dtype=torch.float16)","tensor(-17.6875, dtype=torch.float16)",1,"tensor(-17.0312, dtype=torch.float16)","tensor(-17., dtype=torch.float16)",1
146,"The table was piled high with food , and on the floor beside it there were crocks, baskets, and a five-quart pail of milk.",11,13,floor,it,60,0,"The table was piled high with food , and on the FLOOR beside IT there were crocks, baskets, and a five-quart pail of milk. Coreference:","tensor(-17.5000, dtype=torch.float16)","tensor(-17.3438, dtype=torch.float16)",1,"tensor(-16.9375, dtype=torch.float16)","tensor(-16.8438, dtype=torch.float16)",1
147,"In July, Kamtchatka declared war on Yakutsk . Since Yakutsk 's army was much better equipped and ten times larger, they were defeated within weeks.",6,20,Yakutsk,they,532,0,"In July, Kamtchatka declared war on YAKUTSK . Since Yakutsk 's army was much better equipped and ten times larger, THEY were defeated within weeks. Coreference:","tensor(-17.1094, dtype=torch.float16)","tensor(-17., dtype=torch.float16)",1,"tensor(-16.8438, dtype=torch.float16)","tensor(-16.8438, dtype=torch.float16)",0
148,"Babar wonders how he can get new clothing. Luckily, a very rich old man who has always been fond of little elephants understands right away that he is longing for a fine suit. As he likes to make people happy, he gives him his wallet.",12,26,old man,he,177,0,"Babar wonders how he can get new clothing. Luckily, a very rich OLD man who has always been fond of little elephants understands right away that HE is longing for a fine suit. As he likes to make people happy, he gives him his wallet. Coreference:","tensor(-18.1250, dtype=torch.float16)","tensor(-18., dtype=torch.float16)",1,"tensor(-17.0781, dtype=torch.float16)","tensor(-17.0469, dtype=torch.float16)",1
149,"Babar wonders how he can get new clothing. Luckily, a very rich old man who has always been fond of little elephants understands right away that he is longing for a fine suit. As he likes to make people happy, he gives him his wallet.",0,34,Babar,he,30,0,"BABAR wonders how he can get new clothing. Luckily, a very rich old man who has always been fond of little elephants understands right away that he is longing for a fine suit. As HE likes to make people happy, he gives him his wallet. Coreference:","tensor(-18.3281, dtype=torch.float16)","tensor(-18.1875, dtype=torch.float16)",1,"tensor(-17.8594, dtype=torch.float16)","tensor(-17.8125, dtype=torch.float16)",1
150,Joe paid the detective after he received the final report on the case.,0,5,Joe,he,441,1,JOE paid the detective after HE received the final report on the case. Coreference:,"tensor(-18.5000, dtype=torch.float16)","tensor(-18.4062, dtype=torch.float16)",1,"tensor(-16.6094, dtype=torch.float16)","tensor(-16.6406, dtype=torch.float16)",0
151,"Fred is the only man alive who still remembers my father as an infant. When Fred first saw my father , he was twelve months old.",9,21,My father,he,333,1,"Fred is the only man alive who still remembers MY father as an infant. When Fred first saw my father , HE was twelve months old. Coreference:","tensor(-18.8125, dtype=torch.float16)","tensor(-18.7031, dtype=torch.float16)",1,"tensor(-17.4375, dtype=torch.float16)","tensor(-17.4062, dtype=torch.float16)",1
152,Steve follows Fred 's example in everything. He influences him hugely.,0,7,Steve,He,235,0,STEVE follows Fred 's example in everything. HE influences him hugely. Coreference:,"tensor(-17.9688, dtype=torch.float16)","tensor(-17.8906, dtype=torch.float16)",1,"tensor(-17.2188, dtype=torch.float16)","tensor(-17.2031, dtype=torch.float16)",1
153,Joe paid the detective after he delivered the final report on the case.,2,5,the detective,he,502,1,Joe paid THE detective after HE delivered the final report on the case. Coreference:,"tensor(-18.3750, dtype=torch.float16)","tensor(-18.2812, dtype=torch.float16)",1,"tensor(-15.9688, dtype=torch.float16)","tensor(-16., dtype=torch.float16)",0
154,"Jane knocked on the door, and Susan answered it. She invited her to come in.",0,9,Jane,She,208,0,"JANE knocked on the door, and Susan answered it. SHE invited her to come in. Coreference:","tensor(-17.9844, dtype=torch.float16)","tensor(-17.8438, dtype=torch.float16)",1,"tensor(-15.7188, dtype=torch.float16)","tensor(-15.7109, dtype=torch.float16)",1
155,Bill passed the gameboy to John because his turn was next.,0,7,Bill,his,551,0,BILL passed the gameboy to John because HIS turn was next. Coreference:,"tensor(-19.5312, dtype=torch.float16)","tensor(-19.4375, dtype=torch.float16)",1,"tensor(-17.3125, dtype=torch.float16)","tensor(-17.3594, dtype=torch.float16)",0
156,"When Tommy dropped his ice cream, Timmy giggled, so father gave him a sympathetic look.",1,11,Tommy,him,522,1,"When TOMMY dropped his ice cream, Timmy giggled, so father gave HIM a sympathetic look. Coreference:","tensor(-18.9688, dtype=torch.float16)","tensor(-18.8438, dtype=torch.float16)",1,"tensor(-17.4844, dtype=torch.float16)","tensor(-17.4375, dtype=torch.float16)",1
157,What about the time you cut up tulip bulbs in the hamburgers because you thought they were onions?,7,15,tulip bulbs,they,223,1,What about the time you cut up TULIP bulbs in the hamburgers because you thought THEY were onions? Coreference:,"tensor(-17.5312, dtype=torch.float16)","tensor(-17.4688, dtype=torch.float16)",1,"tensor(-16.7500, dtype=torch.float16)","tensor(-16.8125, dtype=torch.float16)",0
158,Tom gave Ralph a lift to school so he wouldn't have to walk.,2,8,Ralph,he,102,1,Tom gave RALPH a lift to school so HE wouldn't have to walk. Coreference:,"tensor(-18.6406, dtype=torch.float16)","tensor(-18.5156, dtype=torch.float16)",1,"tensor(-16.8281, dtype=torch.float16)","tensor(-16.8125, dtype=torch.float16)",1
159,The firemen arrived before the police because they were coming from so far away.,0,7,The firemen,they,108,0,THE firemen arrived before the police because THEY were coming from so far away. Coreference:,"tensor(-18.0312, dtype=torch.float16)","tensor(-17.9375, dtype=torch.float16)",1,"tensor(-16.1875, dtype=torch.float16)","tensor(-16.2031, dtype=torch.float16)",0
160,Mama came over and sat down beside Alice . Gently she stroked her hair and let the child weep.,7,10,Alice,she,80,0,Mama came over and sat down beside ALICE . Gently SHE stroked her hair and let the child weep. Coreference:,"tensor(-17.8281, dtype=torch.float16)","tensor(-17.6875, dtype=torch.float16)",1,"tensor(-15.9531, dtype=torch.float16)","tensor(-15.9297, dtype=torch.float16)",1
161,Tom threw his schoolbag down to Ray after he reached the top of the stairs.,0,8,Tom,he,120,1,TOM threw his schoolbag down to Ray after HE reached the top of the stairs. Coreference:,"tensor(-18.9062, dtype=torch.float16)","tensor(-18.7656, dtype=torch.float16)",1,"tensor(-17.8438, dtype=torch.float16)","tensor(-17.7812, dtype=torch.float16)",1
162,Kirilov ceded the presidency to Shatov because he was more popular.,5,7,Shatov,he,92,1,Kirilov ceded the presidency to SHATOV because HE was more popular. Coreference:,"tensor(-18.5312, dtype=torch.float16)","tensor(-18.4375, dtype=torch.float16)",1,"tensor(-17.7969, dtype=torch.float16)","tensor(-17.8281, dtype=torch.float16)",0
163,"As Andrea in the crop duster passed over Susan , she could see the landing gear.",1,10,Andrea,she,444,0,"As ANDREA in the crop duster passed over Susan , SHE could see the landing gear. Coreference:","tensor(-17.3906, dtype=torch.float16)","tensor(-17.2500, dtype=torch.float16)",1,"tensor(-15.4531, dtype=torch.float16)","tensor(-15.4297, dtype=torch.float16)",1
164,"Ann asked Mary what time the library closes, but she had forgotten.",0,9,Ann,she,298,0,"ANN asked Mary what time the library closes, but SHE had forgotten. Coreference:","tensor(-19.5781, dtype=torch.float16)","tensor(-19.4844, dtype=torch.float16)",1,"tensor(-18.6562, dtype=torch.float16)","tensor(-18.6875, dtype=torch.float16)",0
165,The fish ate the worm . It was tasty.,3,6,The worm,It,29,1,The fish ate THE worm . IT was tasty. Coreference:,"tensor(-17.4531, dtype=torch.float16)","tensor(-17.4375, dtype=torch.float16)",1,"tensor(-16.0625, dtype=torch.float16)","tensor(-16.4219, dtype=torch.float16)",0
166,"When Mr. Bond , the veterinarian, came to look at the black horse that lay groaning on the grass, he felt him all over, and shook his head; one of his legs was broken.",10,21,the black horse,him,356,1,"When Mr. Bond , the veterinarian, came to look at THE black horse that lay groaning on the grass, he felt HIM all over, and shook his head; one of his legs was broken. Coreference:","tensor(-17.8750, dtype=torch.float16)","tensor(-17.7344, dtype=torch.float16)",1,"tensor(-17.4062, dtype=torch.float16)","tensor(-17.3438, dtype=torch.float16)",1
167,"When Tatyana reached the cabin, her mother was sleeping. She was careful not to disturb her, undressing and climbing back into her berth.",1,9,Tatyana,She,181,1,"When TATYANA reached the cabin, her mother was sleeping. SHE was careful not to disturb her, undressing and climbing back into her berth. Coreference:","tensor(-18.2500, dtype=torch.float16)","tensor(-18.1250, dtype=torch.float16)",1,"tensor(-16.3438, dtype=torch.float16)","tensor(-16.3281, dtype=torch.float16)",1
168,The city councilmen refused the demonstrators a permit because they feared violence.,4,9,The demonstrators,they,371,0,The city councilmen refused THE demonstrators a permit because THEY feared violence. Coreference:,"tensor(-18.6875, dtype=torch.float16)","tensor(-18.6250, dtype=torch.float16)",1,"tensor(-15.8594, dtype=torch.float16)","tensor(-15.9062, dtype=torch.float16)",0
169,This book introduced Shakespeare to Ovid ; it was a fine selection of his writing.,3,13,Shakespeare,his,357,0,This book introduced SHAKESPEARE to Ovid ; it was a fine selection of HIS writing. Coreference:,"tensor(-18.3750, dtype=torch.float16)","tensor(-18.2344, dtype=torch.float16)",1,"tensor(-16.5938, dtype=torch.float16)","tensor(-16.5312, dtype=torch.float16)",1
170,Madonna fired her trainer because she couldn't stand her boyfriend.,0,5,Madonna,she,403,1,MADONNA fired her trainer because SHE couldn't stand her boyfriend. Coreference:,"tensor(-17.6875, dtype=torch.float16)","tensor(-17.5625, dtype=torch.float16)",1,"tensor(-16.2812, dtype=torch.float16)","tensor(-16.3125, dtype=torch.float16)",0
171,Steve follows Fred 's example in everything. He influences him hugely.,2,7,Fred,He,262,1,Steve follows FRED 's example in everything. HE influences him hugely. Coreference:,"tensor(-18.0469, dtype=torch.float16)","tensor(-17.9688, dtype=torch.float16)",1,"tensor(-17.5625, dtype=torch.float16)","tensor(-17.5625, dtype=torch.float16)",0
172,Jim yelled at Kevin because he was so upset.,3,5,Kevin,he,345,0,Jim yelled at KEVIN because HE was so upset. Coreference:,"tensor(-18.7812, dtype=torch.float16)","tensor(-18.7188, dtype=torch.float16)",1,"tensor(-16.2500, dtype=torch.float16)","tensor(-16.3750, dtype=torch.float16)",0
173,Bob collapsed on the sidewalk. Soon he saw Carl coming to help. He was very concerned.,0,12,Bob,He,46,0,BOB collapsed on the sidewalk. Soon he saw Carl coming to help. HE was very concerned. Coreference:,"tensor(-19.3281, dtype=torch.float16)","tensor(-19.2188, dtype=torch.float16)",1,"tensor(-16.8906, dtype=torch.float16)","tensor(-16.8750, dtype=torch.float16)",1
174,"During a game of tag, Ethan ran from Luke because he was ""it"".",8,10,Luke,he,265,1,"During a game of tag, Ethan ran from LUKE because HE was ""it"". Coreference:","tensor(-19.2812, dtype=torch.float16)","tensor(-19.1875, dtype=torch.float16)",1,"tensor(-18.4375, dtype=torch.float16)","tensor(-18.4688, dtype=torch.float16)",0
175,The table won't fit through the doorway because it is too wide.,0,8,The table,it,67,1,THE table won't fit through the doorway because IT is too wide. Coreference:,"tensor(-17.8750, dtype=torch.float16)","tensor(-17.7812, dtype=torch.float16)",1,"tensor(-16.1250, dtype=torch.float16)","tensor(-16.2031, dtype=torch.float16)",0
176,Anna did a lot better than her good friend Lucy on the test because she had studied so hard.,0,14,Anna,she,421,1,ANNA did a lot better than her good friend Lucy on the test because SHE had studied so hard. Coreference:,"tensor(-18.2188, dtype=torch.float16)","tensor(-18.0938, dtype=torch.float16)",1,"tensor(-17.3438, dtype=torch.float16)","tensor(-17.3281, dtype=torch.float16)",1
177,"Our mistress hired a room for my crippled sister Nelly , and she gave her knitting and needlework when she was able to do it, and when she was ill she sent her dinners and many nice comfortable things and was like a mother to her.",9,14,Nelly,her,505,1,"Our mistress hired a room for my crippled sister NELLY , and she gave HER knitting and needlework when she was able to do it, and when she was ill she sent her dinners and many nice comfortable things and was like a mother to her. Coreference:","tensor(-18.1094, dtype=torch.float16)","tensor(-17.9688, dtype=torch.float16)",1,"tensor(-17.3594, dtype=torch.float16)","tensor(-17.2969, dtype=torch.float16)",1
178,"In July, Kamtchatka declared war on Yakutsk . Since Yakutsk 's army was much better equipped and ten times larger, they were victorious within weeks.",6,20,Yakutsk,they,369,1,"In July, Kamtchatka declared war on YAKUTSK . Since Yakutsk 's army was much better equipped and ten times larger, THEY were victorious within weeks. Coreference:","tensor(-17.1875, dtype=torch.float16)","tensor(-17.0781, dtype=torch.float16)",1,"tensor(-17.0312, dtype=torch.float16)","tensor(-17.0469, dtype=torch.float16)",0
179,"John promised Bill to leave, so an hour later he left.",0,9,John,he,247,1,"JOHN promised Bill to leave, so an hour later HE left. Coreference:","tensor(-18.9062, dtype=torch.float16)","tensor(-18.7656, dtype=torch.float16)",1,"tensor(-17.4062, dtype=torch.float16)","tensor(-17.3750, dtype=torch.float16)",1
180,Tom threw his schoolbag down to Ray after he reached the bottom of the stairs.,0,8,Tom,he,456,0,TOM threw his schoolbag down to Ray after HE reached the bottom of the stairs. Coreference:,"tensor(-18.9062, dtype=torch.float16)","tensor(-18.7656, dtype=torch.float16)",1,"tensor(-17.8906, dtype=torch.float16)","tensor(-17.8281, dtype=torch.float16)",1
181,"When Mr. Bond , the veterinarian, came to look at the black horse that lay groaning on the grass, he felt him all over, and shook his head; one of his legs was broken.",1,26,Mr. Bond,his,488,1,"When MR. Bond , the veterinarian, came to look at the black horse that lay groaning on the grass, he felt him all over, and shook HIS head; one of his legs was broken. Coreference:","tensor(-17.8125, dtype=torch.float16)","tensor(-17.6719, dtype=torch.float16)",1,"tensor(-16.4688, dtype=torch.float16)","tensor(-16.4062, dtype=torch.float16)",1
182,"Sergeant Holmes asked the girls to describe the intruder . Nancy not only provided the policeman with an excellent description of the heavyset thirty-year-old prowler, but drew a rough sketch of his face.",7,31,the intruder,his,159,1,"Sergeant Holmes asked the girls to describe THE intruder . Nancy not only provided the policeman with an excellent description of the heavyset thirty-year-old prowler, but drew a rough sketch of HIS face. Coreference:","tensor(-17.0312, dtype=torch.float16)","tensor(-16.9062, dtype=torch.float16)",1,"tensor(-15.2500, dtype=torch.float16)","tensor(-15.2031, dtype=torch.float16)",1
183,"When Tatyana reached the cabin, her mother was sleeping. She was careful not to disturb her , undressing and climbing back into her berth.",1,5,Tatyana,her,112,0,"When TATYANA reached the cabin, HER mother was sleeping. She was careful not to disturb her , undressing and climbing back into her berth. Coreference:","tensor(-18.2500, dtype=torch.float16)","tensor(-18.1406, dtype=torch.float16)",1,"tensor(-16.5312, dtype=torch.float16)","tensor(-16.5000, dtype=torch.float16)",1
184,The foxes are getting in at night and attacking the chickens . They have gotten very bold.,9,12,The chickens,They,94,0,The foxes are getting in at night and attacking THE chickens . THEY have gotten very bold. Coreference:,"tensor(-17.9375, dtype=torch.float16)","tensor(-17.8438, dtype=torch.float16)",1,"tensor(-15.8281, dtype=torch.float16)","tensor(-15.8125, dtype=torch.float16)",1
185,Thomson visited Cooper 's grave in 1765. At that date he had been travelling for five years.,0,10,Thomson,he,111,1,THOMSON visited Cooper 's grave in 1765. At that date HE had been travelling for five years. Coreference:,"tensor(-17.7188, dtype=torch.float16)","tensor(-17.5938, dtype=torch.float16)",1,"tensor(-16.7969, dtype=torch.float16)","tensor(-16.7656, dtype=torch.float16)",1
186,"George got free tickets to the play, but he gave them to Eric , because he was particularly eager to see it.",12,15,Eric,he,141,1,"George got free tickets to the play, but he gave them to ERIC , because HE was particularly eager to see it. Coreference:","tensor(-18.7812, dtype=torch.float16)","tensor(-18.6719, dtype=torch.float16)",1,"tensor(-18.0625, dtype=torch.float16)","tensor(-18.0469, dtype=torch.float16)",1
187,Do you suppose that Peter is responsible for the captain ’s illness? Maybe he bribed the cook to put something in his food.,4,13,Peter,he,192,1,Do you suppose that PETER is responsible for the captain ’s illness? Maybe HE bribed the cook to put something in his food. Coreference:,"tensor(-18.5938, dtype=torch.float16)","tensor(-18.5000, dtype=torch.float16)",1,"tensor(-16.9844, dtype=torch.float16)","tensor(-16.9688, dtype=torch.float16)",1
188,Anne gave birth to a daughter last month. She is a very charming baby.,0,8,Anne,She,546,0,ANNE gave birth to a daughter last month. SHE is a very charming baby. Coreference:,"tensor(-17.4688, dtype=torch.float16)","tensor(-17.3125, dtype=torch.float16)",1,"tensor(-15.9062, dtype=torch.float16)","tensor(-15.8516, dtype=torch.float16)",1
189,Frank felt vindicated when his longtime rival Bill revealed that he was the winner of the competition.,7,10,Bill,he,45,0,Frank felt vindicated when his longtime rival BILL revealed that HE was the winner of the competition. Coreference:,"tensor(-18.2500, dtype=torch.float16)","tensor(-18.1250, dtype=torch.float16)",1,"tensor(-17.2344, dtype=torch.float16)","tensor(-17.1875, dtype=torch.float16)",1
190,The man lifted the boy onto his bunk bed.,0,6,The man,his,98,0,THE man lifted the boy onto HIS bunk bed. Coreference:,"tensor(-17.8750, dtype=torch.float16)","tensor(-17.7188, dtype=torch.float16)",1,"tensor(-16., dtype=torch.float16)","tensor(-15.5781, dtype=torch.float16)",1
191,Sam Goodman 's biography of the Spartan general Xenophanes conveys a vivid sense of the difficulties he faced in his research.,8,16,Xenophanes,he,197,0,Sam Goodman 's biography of the Spartan general XENOPHANES conveys a vivid sense of the difficulties HE faced in his research. Coreference:,"tensor(-17.9688, dtype=torch.float16)","tensor(-17.8438, dtype=torch.float16)",1,"tensor(-16.5625, dtype=torch.float16)","tensor(-16.5312, dtype=torch.float16)",1
192,"Alice looked for her friend Jade in the crowd. Since she always has good luck, Alice spotted her quickly.",5,10,Jade,she,239,0,"Alice looked for her friend JADE in the crowd. Since SHE always has good luck, Alice spotted her quickly. Coreference:","tensor(-18.1406, dtype=torch.float16)","tensor(-18., dtype=torch.float16)",1,"tensor(-16.5625, dtype=torch.float16)","tensor(-16.5312, dtype=torch.float16)",1
193,"The journalists interviewed the stars of the new movie. They were very cooperative, so the interview lasted for a long time.",0,9,The journalists,They,19,0,"THE journalists interviewed the stars of the new movie. THEY were very cooperative, so the interview lasted for a long time. Coreference:","tensor(-18.6875, dtype=torch.float16)","tensor(-18.5781, dtype=torch.float16)",1,"tensor(-17.4844, dtype=torch.float16)","tensor(-17.4375, dtype=torch.float16)",1
194,Sara borrowed the book from the library because she needs it for an article she is working on. She writes it when she gets home from work.,2,20,The book,it,530,0,Sara borrowed THE book from the library because she needs it for an article she is working on. She writes IT when she gets home from work. Coreference:,"tensor(-18.5625, dtype=torch.float16)","tensor(-18.4531, dtype=torch.float16)",1,"tensor(-16.5000, dtype=torch.float16)","tensor(-16.4688, dtype=torch.float16)",1
195,"Lionel is holding captive a scientist, Dr. Vardi , who has invented a device that turns animals invisible; Lionel plans to use it on Geoffrey and send him to steal nuclear material from an army vault.",6,27,Dr. Vardi,him,457,0,"Lionel is holding captive a scientist, DR. Vardi , who has invented a device that turns animals invisible; Lionel plans to use it on Geoffrey and send HIM to steal nuclear material from an army vault. Coreference:","tensor(-17.2188, dtype=torch.float16)","tensor(-17.1094, dtype=torch.float16)",1,"tensor(-15.4531, dtype=torch.float16)","tensor(-15.4531, dtype=torch.float16)",0
196,"The lawyer asked the witness a question, but he was reluctant to repeat it.",0,8,the lawyer,he,23,1,"THE lawyer asked the witness a question, but HE was reluctant to repeat it. Coreference:","tensor(-18.8750, dtype=torch.float16)","tensor(-18.7969, dtype=torch.float16)",1,"tensor(-16.9688, dtype=torch.float16)","tensor(-17., dtype=torch.float16)",0
197,"Paul tried to call George on the phone, but he wasn't successful.",0,9,Paul,he,541,1,"PAUL tried to call George on the phone, but HE wasn't successful. Coreference:","tensor(-18.8438, dtype=torch.float16)","tensor(-18.7500, dtype=torch.float16)",1,"tensor(-17.4531, dtype=torch.float16)","tensor(-17.4531, dtype=torch.float16)",0
198,"Jackson was greatly influenced by Arnold , though he lived two centuries later.",5,8,Arnold,he,367,0,"Jackson was greatly influenced by ARNOLD , though HE lived two centuries later. Coreference:","tensor(-18.1875, dtype=torch.float16)","tensor(-18.0312, dtype=torch.float16)",1,"tensor(-17.4062, dtype=torch.float16)","tensor(-17.3594, dtype=torch.float16)",1
199,Sid explained his theory to Mark but he couldn't understand him.,0,7,Sid,he,74,0,SID explained his theory to Mark but HE couldn't understand him. Coreference:,"tensor(-18.2812, dtype=torch.float16)","tensor(-18.2188, dtype=torch.float16)",1,"tensor(-16.9062, dtype=torch.float16)","tensor(-17.1719, dtype=torch.float16)",0
